page_url,image_url,alt_text,usage_context
# ===== CATEGORY LANDING PAGES =====
# /en/products
/en/products,https://web-assets.al-enterprise.com/-/media/assets/internet/images/product-page-banner-image.jpg,a group of people looking at a computer screen,hero
/en/products,https://web-assets.al-enterprise.com/-/media/assets/internet/images/ale-logo.png,ale logo,logo
# /en/products/switches
/en/products/switches,https://web-assets.al-enterprise.com/-/media/assets/internet/images/product-switches-homepage-header-l2-l3-1440x600-web.jpg,close-up of a network switch with plugs in ports,hero
/en/products/switches,https://web-assets.al-enterprise.com/-/media/assets/internet/images/os6900-v48c8-t-l-480x480-v2.png,os6900-v48c8-t-l-480x480 product photo,product
/en/products/switches,https://web-assets.al-enterprise.com/-/media/assets/internet/images/omniswitch-6920-product-image.png,OmniSwitch 6920 product image,product
/en/products/switches,https://web-assets.al-enterprise.com/-/media/assets/internet/images/omniswitch-9912-l-t-354x384.png,OmniSwitch 9912,product
/en/products/switches,https://web-assets.al-enterprise.com/-/media/assets/internet/images/omniswitch-6360-48-tf-480x480.png,OmniSwitch 6360 -48 front view,product
/en/products/switches,https://web-assets.al-enterprise.com/-/media/assets/internet/images/omniswitch-6560-p24z8-front-480x480-product-showcase.png,OmniSwitch 6560 p24z8 front 480x480,product
/en/products/switches,https://web-assets.al-enterprise.com/-/media/assets/internet/images/omniswitch-6570m-u28-f-480x480.png,OmniSwitch 6570M-U28,product
/en/products/switches,https://web-assets.al-enterprise.com/-/media/assets/internet/images/omniswitch-6860e-p48-left-4c-480x480-product-showcase.png,OmniSwitch 6860e p48 Product Photo,product
/en/products/switches,https://web-assets.al-enterprise.com/-/media/assets/internet/images/omniswitch-6870-48-f-l-400x300.png,OmniSwitch 6870-48 front left product photo,product
/en/products/switches,https://web-assets.al-enterprise.com/-/media/assets/internet/images/os6465-p6-photo-front-lft-4c-480-480-all.png,OmniSwitch 6465-p6 front left view,product
/en/products/switches,https://web-assets.al-enterprise.com/-/media/assets/internet/images/omniswitch-6465t-12-tf-480x480-product-showcase.png,Omniswitch 6465T 12 top front,product
/en/products/switches,https://web-assets.al-enterprise.com/-/media/assets/internet/images/omniswitch-6575-p12-f-l-480x480.png,OmniSwitch 6575 P12 f l 480x480,product
/en/products/switches,https://web-assets.al-enterprise.com/-/media/assets/internet/images/omniswitch-6865-u12x-left-480x480-product-showcase.png,OmniSwitch 6865 u12x left product image 480x480,product
/en/products/switches,https://web-assets.al-enterprise.com/-/media/assets/internet/images/omniswitch-2260-10-product-image-r-480x480.png,OmniSwith 2260 10 product image right view,product
/en/products/switches,https://web-assets.al-enterprise.com/-/media/assets/internet/images/omniswitch-2360-p48x-product-image-l-480x480.png,OmniSwith 2360 P48x product image left view,product
# /en/products/wlan
/en/products/wlan,https://web-assets.al-enterprise.com/-/media/assets/internet/images/ale-wlan-office-homepage-header-495x275.jpg,a room with a table and chairs,hero
# /en/products/devices
/en/products/devices,https://web-assets.al-enterprise.com/-/media/assets/internet/images/phone-directory-pageheader-1200x299.jpg,,hero
# /en/products/platforms
/en/products/platforms,https://web-assets.al-enterprise.com/-/media/assets/internet/images/platform-page-banner-image.jpg,a woman talking on the phone,hero
# /en/products/applications
/en/products/applications,https://web-assets.al-enterprise.com/-/media/assets/internet/images/product-applications-homepage-header-l2-l3.jpg,,hero
# /en/products/network-management-security
/en/products/network-management-security,https://web-assets.al-enterprise.com/-/media/assets/internet/images/product-network-homepage-header-l2-l3.jpg,,hero
# /en/products/communications-management-security
/en/products/communications-management-security,https://web-assets.al-enterprise.com/-/media/assets/internet/images/products-communications-pageheaderbar.jpg,,hero
# /en/products/location-services
/en/products/location-services,https://web-assets.al-enterprise.com/-/media/assets/internet/images/products-location-services-header-bar-image-web.jpg,a man standing on a bridge,hero
# ===== SWITCHES =====
# OmniSwitch 6360
/en/products/switches/omniswitch-6360,https://web-assets.al-enterprise.com/-/media/assets/internet/images/product-switches-homepage-header-l2-l3-1440x600-web.jpg,Products Switches homepage header,hero
/en/products/switches/omniswitch-6360,https://web-assets.al-enterprise.com/-/media/assets/internet/images/omniswitch-6360-48-tf-480x480.png,omniswitch-6360-48-l-480x480,product
/en/products/switches/omniswitch-6360,https://web-assets.al-enterprise.com/-/media/assets/internet/images/cta-button-spacewalkers-thumbnail-200x100.jpg,Join the Spacewalkers Community,feature
/en/products/switches/omniswitch-6360,https://web-assets.al-enterprise.com/-/media/assets/internet/images/ale-fleetsupervision-dashboard-view.jpg,Fleet Supervision dashboard,product
/en/products/switches/omniswitch-6360,https://web-assets.al-enterprise.com/-/media/assets/internet/images/lan-switch-banner-1440x600.jpg,purple lan plugged in omniswitch,feature
# OmniSwitch 6560
/en/products/switches/omniswitch-6560,https://web-assets.al-enterprise.com/-/media/assets/internet/images/omniswitch-6560-p24z8-front-480x480-product-showcase.png,OmniSwitch 6560 p24z8 front 480x480,product
# OmniSwitch 6570M
/en/products/switches/omniswitch-6570m,https://web-assets.al-enterprise.com/-/media/assets/internet/images/omniswitch-6570m-u28-f-480x480.png,OS6570M-U28,product
/en/products/switches/omniswitch-6570m,https://web-assets.al-enterprise.com/-/media/assets/internet/images/omniswitch-6570m-12d-f-480x320.png,OS6570M-12 GigE 1RU x 1/2 rack chassis,product
# OmniSwitch 6860
/en/products/switches/omniswitch-6860,https://web-assets.al-enterprise.com/-/media/assets/internet/images/omniswitch-6860e-p48-left-4c-480x480-product-showcase.png,OmniSwitch 6860e p48 Product,product
/en/products/switches/omniswitch-6860,https://web-assets.al-enterprise.com/-/media/assets/internet/images/taa-logo-117x115.png,TAA logo,icon
# OmniSwitch 6870
/en/products/switches/omniswitch-6870,https://web-assets.al-enterprise.com/-/media/assets/internet/images/omniswitch-6870-48-f-l-400x300.png,OmniSwitch 6870-48 front left,product
/en/products/switches/omniswitch-6870,https://web-assets.al-enterprise.com/-/media/assets/internet/images/omniswitch-6870-p24m-f-l-400x300.png,OmniSwitch 6870-p24m front left,product
/en/products/switches/omniswitch-6870,https://web-assets.al-enterprise.com/-/media/assets/internet/images/omniswitch-6870-p48z-f-l-400x300.png,OmniSwitch 6870-p48z front left,product
/en/products/switches/omniswitch-6870,https://web-assets.al-enterprise.com/-/media/assets/internet/images/omniswitch-6870-v12-t-l-400x300.png,OmniSwitch 6870-v12 top right,product
# OmniSwitch 6900
/en/products/switches/omniswitch-6900,https://web-assets.al-enterprise.com/-/media/assets/internet/images/os6900-v48c8-t-l-480x480-v2.png,os6900-v48c8-t-l-480x480,product
/en/products/switches/omniswitch-6900,https://web-assets.al-enterprise.com/-/media/assets/internet/images/taa-logo-117x115.png,TAA logo,icon
# OmniSwitch 6920
/en/products/switches/omniswitch-6920,https://web-assets.al-enterprise.com/-/media/assets/internet/images/omniswitch-6920-product-image.png,network switch,product
# OmniSwitch 9900
/en/products/switches/omniswitch-9900,https://web-assets.al-enterprise.com/-/media/assets/internet/images/omniswitch-9912-l-t-354x384.png,OmniSwitch 9912 Modular LAN chassis front left view,product
/en/products/switches/omniswitch-9900,https://web-assets.al-enterprise.com/-/media/assets/internet/images/omniswitch-9907-photo-right-4c-480x480-web.png,OmniSwitch 9907 Product,product
/en/products/switches/omniswitch-9900,https://web-assets.al-enterprise.com/-/media/assets/internet/images/taa-logo-117x115.png,TAA logo,icon
# OmniSwitch 6465
/en/products/switches/omniswitch-6465,https://web-assets.al-enterprise.com/-/media/assets/internet/images/os6465-p6-photo-front-lft-4c-480-480-all.png,Front left view of OmniSwitch OS6465-p6,product
/en/products/switches/omniswitch-6465,https://web-assets.al-enterprise.com/-/media/assets/internet/images/os6465-p12-photo-front-right-4c-480-480-all-web.png,Front right view of OmniSwitch OS6465-p12,product
/en/products/switches/omniswitch-6465,https://web-assets.al-enterprise.com/-/media/assets/internet/images/omniswitch-6465-p28-product-image-480x480-r-web.png,OmniSwitch 6465-p28 front right view,product
/en/products/switches/omniswitch-6465,https://web-assets.al-enterprise.com/-/media/assets/internet/images/os6465-p12-photo-back-lft-rail-4c-480-480-all-web.png,OmniSwitch 6465-p12 back left view with rail,product
/en/products/switches/omniswitch-6465,https://web-assets.al-enterprise.com/-/media/assets/internet/images/taa-logo-117x115.png,TAA logo,icon
# OmniSwitch 6465T
/en/products/switches/omniswitch-6465t,https://web-assets.al-enterprise.com/-/media/assets/internet/images/omniswitch-6465t-12-tf-480x480-product-showcase.png,Omniswitch 6465T 12 top front,product
/en/products/switches/omniswitch-6465t,https://web-assets.al-enterprise.com/-/media/assets/internet/images/omniswitch-6465t-p12-f-480x480-web.png,Omniswitch 6465T P12 front,product
/en/products/switches/omniswitch-6465t,https://web-assets.al-enterprise.com/-/media/assets/internet/images/omniswitch-6465t-p12-l-480x480-web.png,Omniswitch 6465T P12 left,product
/en/products/switches/omniswitch-6465t,https://web-assets.al-enterprise.com/-/media/assets/internet/images/omniswitch-6465t-p12-b-480x480-web.png,Omniswitch 6465T P12 back,product
# OmniSwitch 6575
/en/products/switches/omniswitch-6575,https://web-assets.al-enterprise.com/-/media/assets/internet/images/omniswitch-6575-p12-f-l-480x480.png,Omniswitch 6575 P12 front,product
# OmniSwitch 6865
/en/products/switches/omniswitch-6865,https://web-assets.al-enterprise.com/-/media/assets/internet/images/omniswitch-6865-u12x-left-480x480-product-showcase.png,OmniSwitch 6865 u12x product,product
/en/products/switches/omniswitch-6865,https://web-assets.al-enterprise.com/-/media/assets/internet/images/taa-logo-117x115.png,TAA logo,icon
# OmniSwitch 2260
/en/products/switches/omniswitch-2260,https://web-assets.al-enterprise.com/-/media/assets/internet/images/omniswitch-2260-10-product-image-r-480x480.png,OmniSwitch 2260 10 product,product
# OmniSwitch 2360
/en/products/switches/omniswitch-2360,https://web-assets.al-enterprise.com/-/media/assets/internet/images/omniswitch-2360-p48x-product-image-l-480x480.png,OmniSwitch 2360 P48x product,product
# ===== WLAN ACCESS POINTS =====
# AP1501
/en/products/wlan/omniaccess-stellar-access-point-1501,https://web-assets.al-enterprise.com/-/media/assets/internet/images/omniaccess-stellar-wifi7-wlan-ale-homepage-header-bar-l2-l3-1440x600.jpg,office with OmniAccess Stellar AP Wi-Fi 7 on wall,hero
/en/products/wlan/omniaccess-stellar-access-point-1501,https://web-assets.al-enterprise.com/-/media/assets/internet/images/omniaccess-stellar-ap1511.png,Alcatel-Lucent OmniAccess Stellar AP1511,product
/en/products/wlan/omniaccess-stellar-access-point-1501,https://web-assets.al-enterprise.com/-/media/assets/internet/images/thumbnail-government-backtobusiness-480x480.jpg,thumbnail-government-backtobusiness-480x480,feature
/en/products/wlan/omniaccess-stellar-access-point-1501,https://web-assets.al-enterprise.com/-/media/assets/internet/images/support-homepage-header-l2-l3-1440x600.jpg,person standing in front of window looking at city,feature
/en/products/wlan/omniaccess-stellar-access-point-1501,https://web-assets.al-enterprise.com/-/media/assets/internet/images/banner-customization-services-480x480-all.jpg,Customization Services related services banner,feature
/en/products/wlan/omniaccess-stellar-access-point-1501,https://web-assets.al-enterprise.com/-/media/assets/internet/images/education-services-480x480.jpg,education services 480x480,feature
/en/products/wlan/omniaccess-stellar-access-point-1501,https://web-assets.al-enterprise.com/-/media/assets/internet/images/customisation-services-product-showcase-image-480x480.jpg,man and woman sitting at table looking at laptop,feature
# AP1511
/en/products/wlan/omniaccess-stellar-access-point-1511,https://web-assets.al-enterprise.com/-/media/assets/internet/images/omniaccess-stellar-ap1511.png,Alcatel-Lucent OmniAccess Stellar AP1511,product
/en/products/wlan/omniaccess-stellar-access-point-1511,https://web-assets.al-enterprise.com/-/media/assets/internet/images/omnivista-unified-management-header2.jpg,OmniVista unified network management platform,product
/en/products/wlan/omniaccess-stellar-access-point-1511,https://web-assets.al-enterprise.com/-/media/assets/internet/images/oaw-ap1411-fl-480x480-72.png,OmniAccess Stellar AP1411 WLAN Access Point,product
/en/products/wlan/omniaccess-stellar-access-point-1511,https://web-assets.al-enterprise.com/-/media/assets/internet/images/omniaccess-stellar-ap1521.png,Alcatel-Lucent OmniAccess Stellar AP1521,product
/en/products/wlan/omniaccess-stellar-access-point-1511,https://web-assets.al-enterprise.com/-/media/assets/internet/images/oaw-ap1431-fr-480x480.png,OmniAccess Stellar AP1431 WLAN Access Point,product
/en/products/wlan/omniaccess-stellar-access-point-1511,https://web-assets.al-enterprise.com/-/media/assets/internet/images/ap1311-product-image-f-480x480.png,OmniAccess Stellar WLAN AP1311 product image front,product
/en/products/wlan/omniaccess-stellar-access-point-1511,https://web-assets.al-enterprise.com/-/media/assets/internet/images/oaw-ap1570-l-450x450-v2.png,OmniAccess Stellar AP1570,product
# AP1521
/en/products/wlan/omniaccess-stellar-access-point-1521,https://web-assets.al-enterprise.com/-/media/assets/internet/images/omniaccess-stellar-ap1521.png,Alcatel-Lucent OmniAccess Stellar AP1521,product
# AP1411
/en/products/wlan/omniaccess-stellar-access-point-1411,https://web-assets.al-enterprise.com/-/media/assets/internet/images/wlan-ap-controllers-header-bar-1440x600-v2.jpg,a room with a table and chairs,hero
/en/products/wlan/omniaccess-stellar-access-point-1411,https://web-assets.al-enterprise.com/-/media/assets/internet/images/oaw-ap1411-fl-480x480-72.png,OmniAccess Stellar AP1411 WLAN Access Point,product
/en/products/wlan/omniaccess-stellar-access-point-1411,https://web-assets.al-enterprise.com/-/media/assets/internet/images/oaw-ap1331-product-image-t-l-480x480.png,oaw-ap1331-product-image-t-l,product
/en/products/wlan/omniaccess-stellar-access-point-1411,https://web-assets.al-enterprise.com/-/media/assets/internet/images/oaw-ap1301h-product-image-b-l-1.png,oaw-ap1301h-product-image-b-l,product
/en/products/wlan/omniaccess-stellar-access-point-1411,https://web-assets.al-enterprise.com/-/media/assets/internet/images/oaw-ap1351-product-image-480x480-f-l.png,Access Point Stellar 1351,product
/en/products/wlan/omniaccess-stellar-access-point-1411,https://web-assets.al-enterprise.com/-/media/assets/internet/images/oaw-ap1261-product-image-f-web-480x480-v2.png,Alcatel-Lucent OmniAccess Stellar 1261,product
# AP1431
/en/products/wlan/omniaccess-stellar-access-point-1431,https://web-assets.al-enterprise.com/-/media/assets/internet/images/oaw-ap1431-fr-480x480.png,OmniAccess Stellar AP1431 WLAN Access Point,product
# AP1451
/en/products/wlan/omniaccess-stellar-access-point-1451,https://web-assets.al-enterprise.com/-/media/assets/internet/images/oaw-ap1351-product-image-480x480-f-l.png,OmniAccess Stellar Access Point 1451 left view,product
/en/products/wlan/omniaccess-stellar-access-point-1451,https://web-assets.al-enterprise.com/-/media/assets/internet/images/oaw-ap1351-product-image-480x480-f-r.png,OmniAccess Stellar Access Point 1451 right view,product
# AP1301
/en/products/wlan/omniaccess-stellar-access-point-1301,https://web-assets.al-enterprise.com/-/media/assets/internet/images/omniaccess-stellar-wifi6-wlan-ale-homepage-header-bar-l2-l3-1440x600.jpg,WiFi signal banner,hero
/en/products/wlan/omniaccess-stellar-access-point-1301,https://web-assets.al-enterprise.com/-/media/assets/internet/images/ap1301-f-t-r-480x480.png,OmniAccess Stellar WLAN AP1301 product photo top front,product
/en/products/wlan/omniaccess-stellar-access-point-1301,https://web-assets.al-enterprise.com/-/media/assets/internet/images/ap1301-f-r-480x480-web.png,OmniAccess Stellar WLAN AP1301 product photo front right,product
/en/products/wlan/omniaccess-stellar-access-point-1301,https://web-assets.al-enterprise.com/-/media/assets/internet/images/ap1301-f-l-480x480-web.png,OmniAccess Stellar WLAN AP1301 product photo front left,product
/en/products/wlan/omniaccess-stellar-access-point-1301,https://web-assets.al-enterprise.com/-/media/assets/internet/images/ap1301-f-t-480x480-web.png,OmniAccess Stellar WLAN AP1301 product photo back,product
# AP1301H
/en/products/wlan/omniaccess-stellar-access-point-1301h,https://web-assets.al-enterprise.com/-/media/assets/internet/images/oaw-ap1301h-product-image-b-l-1.png,oaw-ap1301h-product-image-b-l,product
/en/products/wlan/omniaccess-stellar-access-point-1301h,https://web-assets.al-enterprise.com/-/media/assets/internet/images/oaw-ap1301h-product-image-f-l-480x480-web.png,oaw-ap1301h-product-image-f-l,product
# AP1311
/en/products/wlan/omniaccess-stellar-access-point-1311,https://web-assets.al-enterprise.com/-/media/assets/internet/images/ap1311-product-image-f-480x480.png,OmniAccess Stellar WLAN AP1311 product image front,product
/en/products/wlan/omniaccess-stellar-access-point-1311,https://web-assets.al-enterprise.com/-/media/assets/internet/images/ap1311-product-image-f-t-r-480x480.png,OmniAccess Stellar WLAN AP1311 product image front top right,product
/en/products/wlan/omniaccess-stellar-access-point-1311,https://web-assets.al-enterprise.com/-/media/assets/internet/images/ap1311-f-t-480x480-product-showcase.png,OmniAccess Stellar WLAN AP1311 product,product
/en/products/wlan/omniaccess-stellar-access-point-1311,https://web-assets.al-enterprise.com/-/media/assets/internet/images/ap1311-product-image-b-480x480-web.png,OmniAccess Stellar WLAN AP1311 product image back,product
# AP1320
/en/products/wlan/omniaccess-stellar-access-point-1320,https://web-assets.al-enterprise.com/-/media/assets/internet/images/ap1320-2-480x480.png,801.11ax Wi-Fi 6 IP67 rated outdoor access point,product
# AP1331
/en/products/wlan/omniaccess-stellar-access-point-1331,https://web-assets.al-enterprise.com/-/media/assets/internet/images/oaw-ap1331-product-image-t-l-480x480.png,oaw-ap1331-product-image-t-l,product
/en/products/wlan/omniaccess-stellar-access-point-1331,https://web-assets.al-enterprise.com/-/media/assets/internet/images/oaw-ap1331-product-image-f-l-480x478.png,oaw-ap1331-product-image-f-l,product
/en/products/wlan/omniaccess-stellar-access-point-1331,https://web-assets.al-enterprise.com/-/media/assets/internet/images/omniaccess-wireless-ap1232-front-480x480.png,OmniAccess AP1232 front 480x480,product
/en/products/wlan/omniaccess-stellar-access-point-1331,https://web-assets.al-enterprise.com/-/media/assets/internet/images/ap1360-480x480.png,801.11ax Wi-Fi 6 IP67 rated outdoor access point,product
# AP1351
/en/products/wlan/omniaccess-stellar-access-point-1351,https://web-assets.al-enterprise.com/-/media/assets/internet/images/oaw-ap1351-product-image-480x480-t-web.png,oaw-ap1351-product-image-480x480-t,product
# AP1561
/en/products/wlan/omniaccess-stellar-access-point-1561,https://web-assets.al-enterprise.com/-/media/assets/internet/images/omniaccess-stellar-ap1561-400x400.png,Alcatel-Lucent OmniAccess Stellar AP1561,product
# AP1570
/en/products/wlan/omniaccess-stellar-access-point-1570,https://web-assets.al-enterprise.com/-/media/assets/internet/images/oaw-ap1570-l-450x450-v2.png,OmniAccess Stellar AP1570,product
/en/products/wlan/omniaccess-stellar-access-point-1570,https://web-assets.al-enterprise.com/-/media/assets/internet/images/omniccess-stellar-ap1571.png,Alcatel-Lucent OmniAccess Stellar AP1571,product
# AP1360
/en/products/wlan/omniaccess-stellar-access-point-1360,https://web-assets.al-enterprise.com/-/media/assets/internet/images/ap1360-480x480.png,801.11ax Wi-Fi 6 IP67 rated outdoor access point,product
# AP1261
/en/products/wlan/omniaccess-stellar-access-point-1261,https://web-assets.al-enterprise.com/-/media/assets/internet/images/oaw-ap1261-product-image-f-web-480x480-v2.png,Alcatel-Lucent OmniAccess Stellar 1261,product
# ===== DEVICES =====
# ALE DeskPhones
/en/products/devices/ale-deskphones,https://web-assets.al-enterprise.com/-/media/assets/internet/images/ale-deskphones-header-image-1440x600-72dpi-v5.jpg,a deskphone,hero
/en/products/devices/ale-deskphones,https://web-assets.al-enterprise.com/-/media/assets/internet/images/ale-500-deskphone-sip-keyboard-qw-neptune-product-photo-f-l-480p-3d.png,ALE 500 deskphone bt handset neptune product image,product
/en/products/devices/ale-deskphones,https://web-assets.al-enterprise.com/-/media/assets/internet/images/ale-400-deskphone-ruby-product-image-480x480-f-v2.png,ale-400-deskphone-ruby-product-image,product
/en/products/devices/ale-deskphones,https://web-assets.al-enterprise.com/-/media/assets/internet/images/ale-30h-deskphone-product-image-480x480.png,ale-30h-deskphone-product-image,product
/en/products/devices/ale-deskphones,https://web-assets.al-enterprise.com/-/media/assets/internet/images/ale-20h-deskphone-product-image-480x480-f-web.png,ale-20h-deskphone-product-image,product
/en/products/devices/ale-deskphones,https://web-assets.al-enterprise.com/-/media/assets/internet/images/energy-star-logo-web-v2.png,Energy Star logo,icon
/en/products/devices/ale-deskphones,https://web-assets.al-enterprise.com/-/media/assets/internet/images/rainbow-logo-cmyk-black-text-white-bckgd-double-product-showcase-image-480x480.png,Rainbow logo,product
/en/products/devices/ale-deskphones,https://web-assets.al-enterprise.com/-/media/assets/internet/images/dect-infrastructure-8340-smart-ip-photo-left-4c-480x480-all.png,DECT Infrastructure 8340 Smart IP Product,product
/en/products/devices/ale-deskphones,https://web-assets.al-enterprise.com/-/media/assets/internet/images/ales-pc-android-iphone-480x480-product-showcase.png,ale-softphone-mobile-desktop,product
/en/products/devices/ale-deskphones,https://web-assets.al-enterprise.com/-/media/assets/internet/images/omnivista-8770-network-management-system-homepage-web-client-480x480.png,OmniVista 8770 NMS Web client homepage,product
/en/products/devices/ale-deskphones,https://web-assets.al-enterprise.com/-/media/assets/internet/images/omniaccess-wireless-ap1232-front-480x480.png,OmniAccess AP1232 front 480x480,product
/en/products/devices/ale-deskphones,https://web-assets.al-enterprise.com/-/media/assets/internet/images/8262-sip-face-1.png,Alcatel-Lucent cordless phone,product
/en/products/devices/ale-deskphones,https://web-assets.al-enterprise.com/-/media/assets/internet/images/8262-dect-handsets-8262-application-photo-left-4c-480x480-all.png,8262 DECT Handset,product
/en/products/devices/ale-deskphones,https://web-assets.al-enterprise.com/-/media/assets/internet/images/smart-deskphones-8088-right-4c-480x480-product-showcase.png,Smart Deskphones 8088 Product,product
/en/products/devices/ale-deskphones,https://web-assets.al-enterprise.com/-/media/assets/internet/images/8158s-8168s-wlan-handset-f-480x480-product-showcase.png,8158s 8168s wlan handset,product
# ALE SIP DeskPhones
/en/products/devices/ale-sip-deskphones,https://web-assets.al-enterprise.com/-/media/assets/internet/images/header-sip-phone-1440x600-72dpi-1.jpg,a couple of smart phones,hero
/en/products/devices/ale-sip-deskphones,https://web-assets.al-enterprise.com/-/media/assets/internet/images/m8-deskphone-sip-and-single-em200-product-photo-front-right-480p.png,ALE M8 DeskPhone SIP with single EM200 expansion module,product
/en/products/devices/ale-sip-deskphones,https://web-assets.al-enterprise.com/-/media/assets/internet/images/m7-m7s-m7spro-deskphone.png,M7/M7s/M7s Pro SIP Deskphone,product
/en/products/devices/ale-sip-deskphones,https://web-assets.al-enterprise.com/-/media/assets/internet/images/m3-m3s-deskphone.png,M3/M3s SIP DeskPhone,product
/en/products/devices/ale-sip-deskphones,https://web-assets.al-enterprise.com/-/media/assets/internet/images/h6-deskphone.png,H6 SIP DeskPhone,product
/en/products/devices/ale-sip-deskphones,https://web-assets.al-enterprise.com/-/media/assets/internet/images/microsoft-logo-transparent-160x72-72dpi.png,microsoft logo,icon
/en/products/devices/ale-sip-deskphones,https://web-assets.al-enterprise.com/-/media/assets/internet/images/kalliope-logo-150x53p72.png,Kalliope logo,icon
/en/products/devices/ale-sip-deskphones,https://web-assets.al-enterprise.com/-/media/assets/internet/images/rainbow-logo-54x53-small.png,Rainbow logo,icon
# Smart DeskPhones
/en/products/devices/smart-deskphones,https://web-assets.al-enterprise.com/-/media/assets/internet/images/phone-directory-pageheader-1200x299.jpg,Phone directory page header,hero
/en/products/devices/smart-deskphones,https://web-assets.al-enterprise.com/-/media/assets/internet/images/rainbow-video-front-view-v2.png,8088 v2 Rainbow video call front left view,product
/en/products/devices/smart-deskphones,https://web-assets.al-enterprise.com/-/media/assets/internet/images/smart-deskphones-8088-right-4c-480x480-product-showcase.png,Smart Deskphones 8088 Product,product
/en/products/devices/smart-deskphones,https://web-assets.al-enterprise.com/-/media/assets/internet/images/smart-deskphones-8088-photo-profile-4c-480x480-all.png,Smart Deskphones 8088 Product profile,product
/en/products/devices/smart-deskphones,https://web-assets.al-enterprise.com/-/media/assets/internet/images/rainbow-im-front-view-v2.png,8088 v2 Rainbow IM front view,product
# DECT Handsets
/en/products/devices/dect-handsets,https://web-assets.al-enterprise.com/-/media/assets/internet/images/ale-dects-header-image-1440x600-72dpi.jpg,,hero
/en/products/devices/dect-handsets,https://web-assets.al-enterprise.com/-/media/assets/internet/images/8234-dect-handset-product-photo-product-showcase-480x480-web.png,8234 DECT handset product,product
/en/products/devices/dect-handsets,https://web-assets.al-enterprise.com/-/media/assets/internet/images/8234-dect-handset-dock-charger-product-photo-product-showcase-480x480-web.png,8234 DECT handset dock charger product,product
/en/products/devices/dect-handsets,https://web-assets.al-enterprise.com/-/media/assets/internet/images/8244-dect-handset-dock-charger-product-photo-product-showcase-480x480-web.png,8244 DECT Handset dock charger product,product
/en/products/devices/dect-handsets,https://web-assets.al-enterprise.com/-/media/assets/internet/images/8254-dect-handset-menu-charger-f-r-480x480-product-showcase.png,8254 DECT handset ruggedized sanitized,product
/en/products/devices/dect-handsets,https://web-assets.al-enterprise.com/-/media/assets/internet/images/oxo-connect-evolution-f-480x480-product-showcase.png,OXO Connect Evolution front view,product
/en/products/devices/dect-handsets,https://web-assets.al-enterprise.com/-/media/assets/internet/images/oxe-purple-480x480-v2.png,oxe-purple-thumbnail-480x480,product
/en/products/devices/dect-handsets,https://web-assets.al-enterprise.com/-/media/assets/internet/images/dect-handsets-8262-application-photo-left-4c-480x480-all.png,8262 DECT Handset,product
# SIP-DECT Handsets
/en/products/devices/sip-dect-handsets,https://web-assets.al-enterprise.com/-/media/assets/internet/images/ale-sip-dect-handsets-header-banner-image-1440x600.jpg,,hero
/en/products/devices/sip-dect-handsets,https://web-assets.al-enterprise.com/-/media/assets/internet/images/8262-sip-face-1.png,cordless phone displaying time and user info,product
/en/products/devices/sip-dect-handsets,https://web-assets.al-enterprise.com/-/media/assets/internet/images/8262-sip-face-2.png,cordless phone displaying call screen,product
/en/products/devices/sip-dect-handsets,https://web-assets.al-enterprise.com/-/media/assets/internet/images/8262-sip-dock-2.png,cordless phone on charging dock with call screen,product
/en/products/devices/sip-dect-handsets,https://web-assets.al-enterprise.com/-/media/assets/internet/images/8262-sip-dock-3.png,cordless phone on charging dock with time display,product
# WLAN Handsets
/en/products/devices/wlan-handsets,https://web-assets.al-enterprise.com/-/media/assets/internet/images/product-applications-directory-homepage-header-l2-l3.jpg,a woman holding a tablet,hero
/en/products/devices/wlan-handsets,https://web-assets.al-enterprise.com/-/media/assets/internet/images/8158s-8168s-wlan-handset-f-480x480-product-showcase.png,8158s 8168s wlan handset,product
/en/products/devices/wlan-handsets,https://web-assets.al-enterprise.com/-/media/assets/internet/images/8158s-8168s-wlan-handset-f-l-480x480-product-showcase.png,8158s 8168s front left view,product
/en/products/devices/wlan-handsets,https://web-assets.al-enterprise.com/-/media/assets/internet/images/8158s-8168s-wlan-handset-f-r-480x480-product-showcase.png,8158s 8168s wlan handset right,product
/en/products/devices/wlan-handsets,https://web-assets.al-enterprise.com/-/media/assets/internet/images/8158s-8168s-wlan-charger-handset-product-screen-f-image-480x480-web.png,8158s 8168s wlan handset with base,product
# ALE Aries Headsets
/en/products/devices/ale-aries-headsets,https://web-assets.al-enterprise.com/-/media/assets/internet/images/aries-headset-header-image-1440x418-72dpi.jpg,A woman wearing headphones,hero
/en/products/devices/ale-aries-headsets,https://web-assets.al-enterprise.com/-/media/assets/internet/images/ah80-binaural-bt-product-image-480p.png,Aries AH80 binaural Bluetooth headset,product
/en/products/devices/ale-aries-headsets,https://web-assets.al-enterprise.com/-/media/assets/internet/images/ah22-m-2-binaural-usb-c-product-image-480p.png,Aries AH22M II headset binaural with USBC,product
/en/products/devices/ale-aries-headsets,https://web-assets.al-enterprise.com/-/media/assets/internet/images/ale-ah11g-mono-headset-rj9-product-photo-480p.png,Aries AH11G monaural headset rj9,product
/en/products/devices/ale-aries-headsets,https://web-assets.al-enterprise.com/-/media/assets/internet/images/ad52-dect-bt-headset-binaural-72dpi-480p.png,AD52 DECT Bluetooth headset,product
/en/products/devices/ale-aries-headsets,https://web-assets.al-enterprise.com/-/media/assets/internet/images/clearpass-policy-manager-3-photo-4c-480x480-v2.png,ClearPass Policy Manager,product
/en/products/devices/ale-aries-headsets,https://web-assets.al-enterprise.com/-/media/assets/internet/images/ah21-j-2-monaural-jack-product-image-480p.png,AH21 J 2 monaural jack product image,product
# ===== APPLICATIONS =====
# ALE Connect
/en/products/applications/ale-connect,https://web-assets.al-enterprise.com/-/media/assets/internet/images/ale-connect-header-image-v4.jpg,,hero
/en/products/applications/ale-connect,https://web-assets.al-enterprise.com/-/media/assets/internet/images/ale-connect-thumbnail-480-480.png,ale-connect-thumbnail-480-480,product
/en/products/applications/ale-connect,https://web-assets.al-enterprise.com/-/media/assets/internet/images/ip-desktop-softphone-laptop-480x480-product-showcase.png,IP Desktop Softphone on laptop Product,product
/en/products/applications/ale-connect,https://web-assets.al-enterprise.com/-/media/assets/internet/images/omnipcx-record-suite-1-photo-4c-480x480-all-web.png,OmniPCX Record Suite 1 Product,product
/en/products/applications/ale-connect,https://web-assets.al-enterprise.com/-/media/assets/internet/images/spm-480x480-1.jpg,Soft Panel Manager,product
/en/products/applications/ale-connect,https://web-assets.al-enterprise.com/-/media/assets/internet/images/omnitouch-contact-center-photo-4c-480x480-all-web.png,OmniTouch Contact Center Product,product
# Dispatch Console
/en/products/applications/dispatch-console,https://web-assets.al-enterprise.com/-/media/assets/internet/images/dispatch-control-header-image-v2.jpg,woman working in control center,hero
/en/products/applications/dispatch-console,https://web-assets.al-enterprise.com/-/media/assets/internet/images/dispatch-console-img-0.jpg,dispatch-console-desktop,product
/en/products/applications/dispatch-console,https://web-assets.al-enterprise.com/-/media/assets/internet/images/4059ee-pc-station.png,Alcatel-Lucent 4059 Extended Edition,product
/en/products/applications/dispatch-console,https://web-assets.al-enterprise.com/-/media/assets/internet/images/visual-automated-attendant-tree-480x-en-web.png,Visual Automated Attendant Tree,product
/en/products/applications/dispatch-console,https://web-assets.al-enterprise.com/-/media/assets/internet/images/omnipcx-open-gateway-banner-480x480.jpg,OmniPCX Open Gateway,product
/en/products/applications/dispatch-console,https://web-assets.al-enterprise.com/-/media/assets/internet/images/dispatch-console-480x480-small.jpg,dispatch-console-desktop,product
/en/products/applications/dispatch-console,https://web-assets.al-enterprise.com/-/media/assets/internet/images/umc-web-based-management_480p_72dpi.png,UMC web management interface,product
# IP Desktop Softphone
/en/products/applications/ip-desktop-softphone,https://web-assets.al-enterprise.com/-/media/assets/internet/images/services-header-image-1440x600.jpg,two women and a man behind a screen,hero
/en/products/applications/ip-desktop-softphone,https://web-assets.al-enterprise.com/-/media/assets/internet/images/ip-desktop-softphone-laptop-480x480-product-showcase.png,IP Desktop Softphone on laptop Product,product
/en/products/applications/ip-desktop-softphone,https://web-assets.al-enterprise.com/-/media/assets/internet/images/ip-desktop-softphone-windows-480x480-web.png,IP Desktop Softphone Windows interface,product
/en/products/applications/ip-desktop-softphone,https://web-assets.al-enterprise.com/-/media/assets/internet/images/ip-desktop-softphone-android-480x480.png,IP Desktop Softphone for Android smartphone,product
/en/products/applications/ip-desktop-softphone,https://web-assets.al-enterprise.com/-/media/assets/internet/images/ip-desktop-softphone-tablet-480x480.png,IP Desktop Softphone for Android tablet,product
/en/products/applications/ip-desktop-softphone,https://web-assets.al-enterprise.com/-/media/assets/internet/images/pimphony-basic-1-4c-480x480-product-showcase.png,PIMphony Basic 1 Product,product
# OmniPCX Record Suite
/en/products/applications/omnipcx-record-suite,https://web-assets.al-enterprise.com/-/media/assets/internet/images/applications-contact-center-applications-pageheaderbar.jpg,,hero
/en/products/applications/omnipcx-record-suite,https://web-assets.al-enterprise.com/-/media/assets/internet/images/omnipcx-record-suite-1-photo-4c-480x480-all-web.png,OmniPCX Record Suite 1 Product,product
/en/products/applications/omnipcx-record-suite,https://web-assets.al-enterprise.com/-/media/assets/internet/images/omnipcx-record-suite-2-photo-4c-480x480-all-web.png,OmniPCX Record Suite 2 product,product
# Visual Automated Attendant
/en/products/applications/visual-automated-attendant,https://web-assets.al-enterprise.com/-/media/assets/internet/images/vaa-situ-editor.jpg,Visual Automated Attendant Tree,product
# Microsoft Teams Integration
/en/products/applications/microsoft-teams-integration,https://web-assets.al-enterprise.com/-/media/assets/internet/images/microsoft-teams-product-image-showcase-en-480x480.png,Microsoft Teams integration product image,product
/en/products/applications/microsoft-teams-integration,https://web-assets.al-enterprise.com/-/media/assets/internet/images/microsoft-teams-integration-product-showcase-image-480x480.png,Microsoft Team integration product showcase,product
# ALE SoftPhone
/en/products/applications/ale-softphone,https://web-assets.al-enterprise.com/-/media/assets/internet/images/ales-pc-android-iphone-480x480-product-showcase.png,ale-softphone-mobile-desktop,product
# PIMphony
/en/products/applications/pimphony,https://web-assets.al-enterprise.com/-/media/assets/internet/images/pimphony-basic-1-4c-480x480-product-showcase.png,PIMphony Basic 1 Product,product
/en/products/applications/pimphony,https://web-assets.al-enterprise.com/-/media/assets/internet/images/pimphony-basic-team-1-photo-4c-480x480-all-web.png,PIMphony Team 1 Product,product
/en/products/applications/pimphony,https://web-assets.al-enterprise.com/-/media/assets/internet/images/pimphony-basic-2-photo-4c-480x480-all-web.png,PIMphony Basic 2 Product,product
/en/products/applications/pimphony,https://web-assets.al-enterprise.com/-/media/assets/internet/images/pimphony-basic-team-2-photo-4c-480x480-all-web.png,PIMphony Team 2 Product,product
# ===== PLATFORMS =====
# OmniPCX Enterprise
/en/products/platforms/omnipcx-enterprise-communication-server,https://web-assets.al-enterprise.com/-/media/assets/internet/images/omnipcx-enterprise-communication-server-header-image-v2.jpg,People working in modern office,hero
/en/products/platforms/omnipcx-enterprise-communication-server,https://web-assets.al-enterprise.com/-/media/assets/internet/images/oxe-purple-480x480-v2.png,oxe-purple-thumbnail-480x480,product
/en/products/platforms/omnipcx-enterprise-communication-server,https://web-assets.al-enterprise.com/-/media/assets/internet/images/oxo-connect-evolution-f-480x480-product-showcase.png,OXO Connect Evolution front view,product
/en/products/platforms/omnipcx-enterprise-communication-server,https://web-assets.al-enterprise.com/-/media/assets/internet/images/dect-infrastructure-8340-smart-ip-photo-left-4c-480x480-all.png,DECT Infrastructure 8340 Smart IP Product,product
/en/products/platforms/omnipcx-enterprise-communication-server,https://web-assets.al-enterprise.com/-/media/assets/internet/images/dect-handsets-8262-application-photo-left-4c-480x480-all.png,8262 DECT Handset,product
/en/products/platforms/omnipcx-enterprise-communication-server,https://web-assets.al-enterprise.com/-/media/assets/internet/images/omnipcx-open-gateway-banner-480x480.jpg,OmniPCX Open Gateway,product
/en/products/platforms/omnipcx-enterprise-communication-server,https://web-assets.al-enterprise.com/-/media/assets/internet/images/8328-sip-dect-single-base-station-product-image-v2.png,a sip dect infrastructure device,product
# OXO Connect
/en/products/platforms/oxo-connect,https://web-assets.al-enterprise.com/-/media/assets/internet/images/oxo-connect-header-image-v4.jpg,woman on mobile phone,hero
/en/products/platforms/oxo-connect,https://web-assets.al-enterprise.com/-/media/assets/internet/images/oxo-connect-evolution-f-480x480-product-showcase.png,OXO Connect Evolution front view,product
/en/products/platforms/oxo-connect,https://web-assets.al-enterprise.com/-/media/assets/internet/images/oxo-connect-compact-photo-right-4c-480x480-all-web.png,OXO Connect Compact Product,product
/en/products/platforms/oxo-connect,https://web-assets.al-enterprise.com/-/media/assets/internet/images/oxo-connect-small-photo-left-4c-480x480-all-web.png,OXO Connect Small Product,product
# OmniPCX Open Gateway
/en/products/platforms/omnipcx-open-gateway,https://web-assets.al-enterprise.com/-/media/assets/internet/images/applications-platforms-image-pageheaderbar-v2.jpg,group with laptop,hero
/en/products/platforms/omnipcx-open-gateway,https://web-assets.al-enterprise.com/-/media/assets/internet/images/omnipcx-open-gateway-product-image.jpg,cronislaw - Fotolia,product
/en/products/platforms/omnipcx-open-gateway,https://web-assets.al-enterprise.com/-/media/assets/internet/images/oxe-purple-thumbnail-480x480.png,oxe-purple-thumbnail-480x480,product
# SIP-DECT Infrastructure
/en/products/platforms/sip-dect-infrastructure,https://web-assets.al-enterprise.com/-/media/assets/internet/images/2023-01-05-header-sip-dect-1440x600-72dpi.jpg,ALE SIP-DECT header image,hero
/en/products/platforms/sip-dect-infrastructure,https://web-assets.al-enterprise.com/-/media/assets/internet/images/8328-sip-dect-single-base-station-product-image-v2.png,a sip dect infrastructure device,product
/en/products/platforms/sip-dect-infrastructure,https://web-assets.al-enterprise.com/-/media/assets/internet/images/8368-sip-dect-multi-cell-base-ind-int-antenna-f-web-72dpi.png,8368 SIP-DECT BS Indoor,product
/en/products/platforms/sip-dect-infrastructure,https://web-assets.al-enterprise.com/-/media/assets/internet/images/8368-sip-dect-base-out-ext-antenna-web-f-r-72dpi.png,8368 SIP-DECT BS outdoor external antennas,product
/en/products/platforms/sip-dect-infrastructure,https://web-assets.al-enterprise.com/-/media/assets/internet/images/ale-8328-product-image-base-with-foot-front-web-72dpi.png,8328 SIP-DECT Single Base Station with foot,product
# DECT Infrastructure
/en/products/platforms/dect-infrastructure,https://web-assets.al-enterprise.com/-/media/assets/internet/images/8378-dect-base-ind-int-antenna-f-web.png,8378 DECT IP-xBS indoor integrated antenna,product
/en/products/platforms/dect-infrastructure,https://web-assets.al-enterprise.com/-/media/assets/internet/images/8378-dect-base-ind-ext-antenna-cable-f-web.png,8378 DECT IP-xBS indoor external antenna cable,product
/en/products/platforms/dect-infrastructure,https://web-assets.al-enterprise.com/-/media/assets/internet/images/8378-dect-base-out-ext-antenna-f-l-web.png,8378 DECT IP-xBS outdoor external antenna,product
/en/products/platforms/dect-infrastructure,https://web-assets.al-enterprise.com/-/media/assets/internet/images/8379-dect-base-int-antenna-f-web.png,8379 DECT IBS base station indoor,product
# ===== NETWORK MANAGEMENT =====
# OmniVista Network Management
/en/products/network-management-security/omnivista-network-management-platform,https://web-assets.al-enterprise.com/-/media/assets/internet/images/product-network-homepage-header-l2-l3.jpg,a man and a woman walking,hero
/en/products/network-management-security/omnivista-network-management-platform,https://web-assets.al-enterprise.com/-/media/assets/internet/images/omnivista-unified-management-header2.jpg,OmniVista unified network management platform for LAN and WLAN,product
/en/products/network-management-security/omnivista-network-management-platform,https://web-assets.al-enterprise.com/-/media/assets/internet/images/omniswitch-milestone-plugin-banner-1440x600.jpg,a close-up of a videocamera,feature
/en/products/network-management-security/omnivista-network-management-platform,https://web-assets.al-enterprise.com/-/media/assets/internet/images/omnivista-network-advisor-image-v6.jpg,OmniVista Network Advisor AI-based network ops companion,product
# Fleet Supervision
/en/products/network-management-security/fleet-supervision,https://web-assets.al-enterprise.com/-/media/assets/internet/images/ale-fleet-supervision-web-header2-1400x600.jpg,Fleet Supervision dashboard,hero
/en/products/network-management-security/fleet-supervision,https://web-assets.al-enterprise.com/-/media/assets/internet/images/ale-fleetsupervision-dashboard-view.jpg,Fleet Supervision dashboard,product
# OmniSwitch Milestone Plugin
/en/products/network-management-security/omniswitch-milestone-plugin,https://web-assets.al-enterprise.com/-/media/assets/internet/images/omniswitch-milestone-plugin-banner-1440x600.jpg,a close-up of a videocamera,hero
# OmniVista Network Advisor
/en/products/network-management-security/omnivista-network-advisor,https://web-assets.al-enterprise.com/-/media/assets/internet/images/omnivista-network-advisor-image-v6.jpg,OmniVista Network Advisor AI-based network ops,product
# OmniVista Smart Tool
/en/products/network-management-security/omnivista-smart-tool,https://web-assets.al-enterprise.com/-/media/assets/internet/images/onmivista-smart-tool-product-image-01.png,Laptop displaying dark-themed software dashboard,product
# ===== COMMUNICATIONS MANAGEMENT =====
# OmniVista 8770
/en/products/communications-management-security/omnivista-8770-network-management-system,https://web-assets.al-enterprise.com/-/media/assets/internet/images/products-communications-pageheaderbar.jpg,a group of people talking,hero
/en/products/communications-management-security/omnivista-8770-network-management-system,https://web-assets.al-enterprise.com/-/media/assets/internet/images/omnivista-8770-network-management-system-homepage-web-client-480x480.png,OmniVista 8770 NMS Web client homepage,product
/en/products/communications-management-security/omnivista-8770-network-management-system,https://web-assets.al-enterprise.com/-/media/assets/internet/images/omnivista-8770-network-management-system-web-interface-480x480.png,OmniVista 8770 NMS Provisioning Web Client,product
/en/products/communications-management-security/omnivista-8770-network-management-system,https://web-assets.al-enterprise.com/-/media/assets/internet/images/omnivista-8770-network-management-system-voip-quality-report-480x480.png,OmniVista 8770 NMS VoIP quality report,product
/en/products/communications-management-security/omnivista-8770-network-management-system,https://web-assets.al-enterprise.com/-/media/assets/internet/images/omnivista-8770-network-management-system-topology-480x480-web.png,OmniVista 8770 NMS Topology,product
/en/products/communications-management-security/omnivista-8770-network-management-system,https://web-assets.al-enterprise.com/-/media/assets/internet/images/opentouch-session-border-controller-3-photo-4c-480x480-all-web.png,OpenTouch Session Border Controller Product,product
/en/products/communications-management-security/omnivista-8770-network-management-system,https://web-assets.al-enterprise.com/-/media/assets/internet/images/umc-web-based-management_480p_72dpi.png,UMC web management interface,product
# Unified Management Center
/en/products/communications-management-security/unified-management-center,https://web-assets.al-enterprise.com/-/media/assets/internet/images/solutions-digital-age-networking-homepage-header-l2-l3-1440x600.jpg,,hero
/en/products/communications-management-security/unified-management-center,https://web-assets.al-enterprise.com/-/media/assets/internet/images/umc-web-based-management_480p_72dpi.png,UMC web management interface,product
# OpenTouch SBC
/en/products/communications-management-security/opentouch-session-border-controller,https://web-assets.al-enterprise.com/-/media/assets/internet/images/opentouch-session-border-controller-3-photo-4c-480x480-all-web.png,OpenTouch Session Border Controller Product,product
# ===== LOCATION SERVICES =====
# Asset Tracking
/en/products/asset-tracking,https://web-assets.al-enterprise.com/-/media/assets/internet/images/products-asset-tracking-header-bar-image.jpg,,hero
/en/products/asset-tracking,https://web-assets.al-enterprise.com/-/media/assets/internet/images/solutions-asset-tracking-focus-topic-1-810x340.jpeg,Mobile health diagnostic instrument at hospital corridor,feature
# ===== RAINBOW =====
/en/rainbow,https://web-assets.al-enterprise.com/-/media/assets/internet/images/top-web-banner-rainbow-1440x660.jpg,Rainbow Page top banner people watching screen,hero
/en/rainbow,https://web-assets.al-enterprise.com/-/media/assets/internet/images/multidevicerainbow.jpg,range of communication devices video conferencing,feature
/en/rainbow,https://web-assets.al-enterprise.com/-/media/assets/internet/images/your-choice-parttwo-image-blog.jpg,Your Choice Parttwo Image Blog,feature
/en/rainbow,https://web-assets.al-enterprise.com/-/media/assets/internet/images/thinking-outside-the-box-blog-image-402x226.jpg,Building 5.0 Thinking outside the box blog image,feature
/en/rainbow/developers,https://web-assets.al-enterprise.com/-/media/assets/internet/images/rainbow-developers-cpaas-callout-image-742x500.jpg,smart phone tablet and laptop displaying same content,feature
/en/rainbow/connectors-and-apps/app-connector,https://web-assets.al-enterprise.com/-/media/assets/internet/images/rainbow-plan-v2.jpg,,hero
# ===== GLOBAL/SHARED IMAGES (appear on most pages) =====
# Social media icons
GLOBAL,https://web-assets.al-enterprise.com/-/media/assets/internet/images/icon-social-linkedin.png,Linkedin,icon
GLOBAL,https://web-assets.al-enterprise.com/-/media/assets/internet/images/icon-social-facebook-72dpi.png,Facebook,icon
GLOBAL,https://web-assets.al-enterprise.com/-/media/assets/internet/images/instagram-glyph-gradient-72dpi.png,Instagram,icon
GLOBAL,https://web-assets.al-enterprise.com/-/media/assets/internet/images/icon-social-youtube-72dpi.png,YouTube,icon
# Footer action icons
GLOBAL,https://web-assets.al-enterprise.com/-/media/assets/internet/images/m/mdi-public.svg,a circle - ALE office locations,icon
GLOBAL,https://web-assets.al-enterprise.com/-/media/assets/internet/images/m/mdi-touch-app.svg,A finger pushing a button - Business Partner,icon
GLOBAL,https://web-assets.al-enterprise.com/-/media/assets/internet/images/m/mdi-call.svg,A telephone handset - Sales contact,icon
GLOBAL,https://web-assets.al-enterprise.com/-/media/assets/internet/images/m/mdi-forum.svg,two synoptics indicating dialogues - Chat,icon
# CTA button (appears on most product pages)
GLOBAL,https://web-assets.al-enterprise.com/-/media/assets/internet/images/cta-button-spacewalkers-thumbnail-200x100.jpg,Join the Spacewalkers Community,feature
# ALE Logo
GLOBAL,https://web-assets.al-enterprise.com/-/media/assets/internet/images/ale-logo.png,ale logo,logo
