page_url,file_url,anchor_text,document_type
https://www.al-enterprise.com/en/solutions/digital-age-communications,https://www.al-enterprise.com/-/media/assets/internet/documents/ale-portfolio-foldout-interactive-flyer-en.pdf,"Portfolio overview, Cloud, Comms and Networks - interactive",flyer
https://www.al-enterprise.com/en/solutions/digital-age-communications,https://www.al-enterprise.com/-/media/assets/internet/documents/cpaas-the-digital-age-communications-engine-whitepaper-en.pdf,CPaaS: the Digital Age Communications Engine,whitepaper
https://www.al-enterprise.com/en/solutions/digital-age-communications,https://www.al-enterprise.com/-/media/assets/internet/documents/ale-connect-brochure-en.pdf,Alcatel-Lucent Enterprise Connect,brochure
https://www.al-enterprise.com/en/solutions/digital-age-communications,https://www.al-enterprise.com/-/media/assets/internet/documents/customer-service-applications-ecatalog-en.pdf,Customer Service eCatalog,ebook
https://www.al-enterprise.com/en/solutions/digital-age-communications,https://www.al-enterprise.com/-/media/assets/internet/documents/unlock-superpowers-comms-platform-infographic-en.pdf,Unlock the superpowers of your communications platform,infographic
https://www.al-enterprise.com/en/solutions/digital-age-communications,https://www.al-enterprise.com/-/media/assets/internet/documents/ale-deskphones-ecatalog-brochure-en.pdf,ALE DeskPhones Interactive catalogue,brochure
https://www.al-enterprise.com/en/solutions/digital-age-communications,https://www.al-enterprise.com/-/media/assets/internet/documents/aged-communication-systems-infographic-en-02.pdf,Protect your business - Upgrade your communication system,infographic
https://www.al-enterprise.com/en/solutions/digital-age-communications,https://www.al-enterprise.com/-/media/assets/internet/documents/reasons-to-upgrade-your-communication-system-solution-sheet-en.pdf,Reasons to upgrade your communication system,solution-sheet
https://www.al-enterprise.com/en/solutions/digital-age-communications,https://www.al-enterprise.com/-/media/assets/internet/documents/ale-sip-deskphones-ecatalog-brochure-en.pdf,Alcatel-Lucent Enterprise SIP DeskPhones,brochure
https://www.al-enterprise.com/en/solutions/digital-age-communications,https://www.al-enterprise.com/-/media/assets/internet/documents/ale-pod-brochure-en.pdf,Purple on Demand by Alcatel-Lucent Enterprise,brochure
https://www.al-enterprise.com/en/solutions/digital-age-communications,https://www.al-enterprise.com/-/media/assets/internet/documents/digital-age-communications-delivers-digital-dividends-with-tangible-business-outcomes-ebook-en.pdf,Digital Age Communications delivers digital dividends with tangible business outcomes,ebook
https://www.al-enterprise.com/en/solutions/collaboration-solutions,https://www.al-enterprise.com/-/media/assets/internet/documents/data-sovereignty-and-security-flyer-en.pdf,Data Sovereignty and Security Flyer,flyer
https://www.al-enterprise.com/en/solutions/collaboration-solutions,https://www.al-enterprise.com/-/media/assets/internet/documents/rainbow-service-hds-solutionsheet-fr.pdf,Rainbow Service HDS (FR),solution-sheet
https://www.al-enterprise.com/en/solutions/collaboration-solutions,https://www.al-enterprise.com/-/media/assets/internet/documents/rainbow-service-hds-solutionsheet-en.pdf,Rainbow Service HDS (EN),solution-sheet
https://www.al-enterprise.com/en/solutions/collaboration-solutions,https://www.al-enterprise.com/-/media/assets/internet/documents/rainbow-room-datasheet-en.pdf,Rainbow Room datasheet,datasheet
https://www.al-enterprise.com/en/solutions/collaboration-solutions,https://www.al-enterprise.com/-/media/assets/internet/documents/rainbow-end-customer-brochure-en.pdf,Rainbow by Alcatel-Lucent Enterprise,brochure
https://www.al-enterprise.com/en/solutions/collaboration-solutions,https://www.al-enterprise.com/-/media/assets/internet/documents/smart-building-of-the-future-whitepaper-en.pdf,Toward Smart Building 5.0,whitepaper
https://www.al-enterprise.com/en/solutions/collaboration-solutions,https://www.al-enterprise.com/-/media/assets/internet/documents/ms-team-datasheet-en.pdf,Alcatel-Lucent Rainbow telephony connector for Microsoft Teams,datasheet
https://www.al-enterprise.com/en/solutions/collaboration-solutions,https://www.al-enterprise.com/-/media/assets/internet/documents/nec-exciting-uc-hospitality-flyer-en.pdf,What'll you do now that NEC is checking out of your hotel UC?,flyer
https://www.al-enterprise.com/en/solutions/collaboration-solutions,https://www.al-enterprise.com/-/media/assets/internet/documents/nec-exits-uc-hospitality-faq-flyer-en.pdf,What happens now that NEC is checking out of your hotel?,flyer
https://www.al-enterprise.com/en/solutions/collaboration-solutions,https://www.al-enterprise.com/-/media/assets/internet/documents/securing-unified-communications-and-collaboration-solutions-whitepaper-en.pdf,Securing unified communications and collaboration solutions,whitepaper
https://www.al-enterprise.com/en/solutions/collaboration-solutions,https://www.al-enterprise.com/-/media/assets/internet/documents/moae-idc-white-paper-web-en.pdf,Succeeding in the new way of working - IDC White Paper,whitepaper
https://www.al-enterprise.com/en/solutions/connected-solutions-and-devices,https://www.al-enterprise.com/-/media/assets/internet/documents/rainbow-service-hds-solutionsheet-fr.pdf,Rainbow Service HDS (FR),solution-sheet
https://www.al-enterprise.com/en/solutions/connected-solutions-and-devices,https://www.al-enterprise.com/-/media/assets/internet/documents/rainbow-service-hds-solutionsheet-en.pdf,Rainbow Service HDS (EN),solution-sheet
https://www.al-enterprise.com/en/solutions/connected-solutions-and-devices,https://www.al-enterprise.com/-/media/assets/internet/documents/omnipcx-open-gateway-datasheet-en.pdf,OmniPCX Open Gateway,datasheet
https://www.al-enterprise.com/en/solutions/connected-solutions-and-devices,https://www.al-enterprise.com/-/media/assets/internet/documents/mobility-ecatalog-ebook-en.pdf,Mobility e-catalog,ebook
https://www.al-enterprise.com/en/solutions/connected-solutions-and-devices,https://www.al-enterprise.com/-/media/assets/internet/documents/ip-desktop-softphone-datasheet-en.pdf,IP Desktop Softphone,datasheet
https://www.al-enterprise.com/en/solutions/connected-solutions-and-devices,https://www.al-enterprise.com/-/media/assets/internet/documents/8008-8008g-deskphone-datasheet-en.pdf,8008 - 8008G DeskPhone,datasheet
https://www.al-enterprise.com/en/solutions/connected-solutions-and-devices,https://www.al-enterprise.com/-/media/assets/internet/documents/securing-unified-communications-and-collaboration-solutions-whitepaper-en.pdf,Securing unified communications and collaboration solutions,whitepaper
https://www.al-enterprise.com/en/solutions/connected-solutions-and-devices,https://www.al-enterprise.com/-/media/assets/internet/documents/cybersecurity-recommendations-from-our-ciso-brochure-en.pdf,Remote Work Cybersecurity Recommendations,brochure
https://www.al-enterprise.com/en/solutions/connected-solutions-and-devices,https://www.al-enterprise.com/-/media/assets/internet/documents/are-your-business-critical-communications-secure-flyer-en.pdf,Are your business-critical communications secure?,flyer
https://www.al-enterprise.com/en/solutions/connected-solutions-and-devices,https://www.al-enterprise.com/-/media/assets/internet/documents/rainbow-solutionsheet-en.pdf,Rainbow Solution Sheet,solution-sheet
https://www.al-enterprise.com/en/solutions/cloud-communications,https://www.al-enterprise.com/-/media/assets/internet/documents/data-sovereignty-and-security-flyer-en.pdf,Data Sovereignty and Security Flyer,flyer
https://www.al-enterprise.com/en/solutions/cloud-communications,https://www.al-enterprise.com/-/media/assets/internet/documents/8328-sip-dect-single-base-station-datasheet-en.pdf,Alcatel-Lucent Enterprise 8328 SIP-DECT Single Base Station,datasheet
https://www.al-enterprise.com/en/solutions/cloud-communications,https://www.al-enterprise.com/-/media/assets/internet/documents/rainbow-service-hds-solutionsheet-fr.pdf,Rainbow Service HDS (FR),solution-sheet
https://www.al-enterprise.com/en/solutions/cloud-communications,https://www.al-enterprise.com/-/media/assets/internet/documents/rainbow-service-hds-solutionsheet-en.pdf,Rainbow Service HDS (EN),solution-sheet
https://www.al-enterprise.com/en/solutions/cloud-communications,https://www.al-enterprise.com/-/media/assets/internet/documents/move-to-cloud-solution-sheet-en.pdf,Move to Cloud,solution-sheet
https://www.al-enterprise.com/en/solutions/cloud-communications,https://www.al-enterprise.com/-/media/assets/internet/documents/rainbow-alert-datasheet-en.pdf,Rainbow Alert datasheet,datasheet
https://www.al-enterprise.com/en/solutions/cloud-communications,https://www.al-enterprise.com/-/media/assets/internet/documents/improve-competitiveness-with-xaas-whitepaper-en.pdf,Improve your competitiveness with XaaS,whitepaper
https://www.al-enterprise.com/en/solutions/cloud-communications,https://www.al-enterprise.com/-/media/assets/internet/documents/smart-building-of-the-future-whitepaper-en.pdf,Toward Smart Building 5.0,whitepaper
https://www.al-enterprise.com/en/solutions/cloud-communications,https://www.al-enterprise.com/-/media/assets/internet/documents/securing-unified-communications-and-collaboration-solutions-whitepaper-en.pdf,Securing unified communications and collaboration solutions,whitepaper
https://www.al-enterprise.com/en/solutions/cloud-communications,https://www.al-enterprise.com/-/media/assets/internet/documents/rainbow-solutionsheet-en.pdf,Rainbow Solution Sheet,solution-sheet
https://www.al-enterprise.com/en/solutions/communications-platform-as-a-service-cpaas,https://www.al-enterprise.com/-/media/assets/internet/documents/rainbow-service-hds-solutionsheet-fr.pdf,Rainbow Service HDS (FR),solution-sheet
https://www.al-enterprise.com/en/solutions/communications-platform-as-a-service-cpaas,https://www.al-enterprise.com/-/media/assets/internet/documents/rainbow-service-hds-solutionsheet-en.pdf,Rainbow Service HDS (EN),solution-sheet
https://www.al-enterprise.com/en/solutions/communications-platform-as-a-service-cpaas,https://www.al-enterprise.com/-/media/assets/internet/documents/smart-buildings-brochure-en.pdf,Creating human-centric buildings with smart capabilities,brochure
https://www.al-enterprise.com/en/solutions/communications-platform-as-a-service-cpaas,https://www.al-enterprise.com/-/media/assets/internet/documents/improve-competitiveness-with-xaas-whitepaper-en.pdf,Improve your competitiveness with XaaS,whitepaper
https://www.al-enterprise.com/en/solutions/communications-platform-as-a-service-cpaas,https://www.al-enterprise.com/-/media/assets/internet/documents/rainbow-solutionsheet-en.pdf,Rainbow Solution Sheet,solution-sheet
https://www.al-enterprise.com/en/solutions/communications-platform-as-a-service-cpaas,https://www.al-enterprise.com/-/media/assets/internet/documents/rainbow-cti-cloud-connector-for-salesforce-datasheet-en.pdf,Rainbow CTI Cloud connector for Salesforce.com,datasheet
https://www.al-enterprise.com/en/solutions/communications-platform-as-a-service-cpaas,https://www.al-enterprise.com/-/media/assets/internet/documents/cpaas-ebook-en.pdf,Connect with your customers their way,ebook
https://www.al-enterprise.com/en/solutions/communications-platform-as-a-service-cpaas,https://www.al-enterprise.com/-/media/assets/internet/documents/rainbow-classroom-ebook-en.pdf,Rainbow Classroom brings real-time collaboration to LMS,ebook
https://www.al-enterprise.com/en/solutions/communications-platform-as-a-service-cpaas,https://www.al-enterprise.com/-/media/assets/internet/documents/cpaas-verticals-ebook-en.pdf,Using the Cloud to Attract Engage & Retain Your Customers,ebook
https://www.al-enterprise.com/en/solutions/communications-platform-as-a-service-cpaas,https://www.al-enterprise.com/-/media/assets/internet/documents/cpaas-survey-whitepaper-en.pdf,CPaaS: At the heart of digital transformation,whitepaper
https://www.al-enterprise.com/en/solutions/iot,https://www.al-enterprise.com/-/media/assets/internet/documents/digital-age-networking-for-enterprises-brochure-en.pdf,Download the brochure,brochure
https://www.al-enterprise.com/en/solutions/iot,https://www.al-enterprise.com/-/media/assets/internet/documents/network-portfolio-foldout-interactive-flyer-en.pdf,Download,flyer
https://www.al-enterprise.com/en/solutions/iot,https://www.al-enterprise.com/-/media/assets/internet/documents/smart-buildings-brochure-en.pdf,Download,brochure
https://www.al-enterprise.com/en/solutions/iot,https://www.al-enterprise.com/-/media/assets/internet/documents/smart-building-of-the-future-whitepaper-en.pdf,Download,whitepaper
https://www.al-enterprise.com/en/solutions/iot,https://www.al-enterprise.com/-/media/assets/internet/documents/creating-a-safer-campus-global-ebook-en.pdf,Download,ebook
https://www.al-enterprise.com/en/solutions/iot,https://www.al-enterprise.com/-/media/assets/internet/documents/creating-a-safer-campus-ebook-en.pdf,Download,ebook
https://www.al-enterprise.com/en/solutions/iot,https://www.al-enterprise.com/-/media/assets/internet/documents/augmented-intelligence-and-iot-fingerprinting-service-defined-networks-app-note-en.pdf,Download,app-note
https://www.al-enterprise.com/en/solutions/iot,https://www.al-enterprise.com/-/media/assets/internet/documents/a-comprehensive-approach-to-the-iot-challenge-whitepaper-en.pdf,Download,whitepaper
https://www.al-enterprise.com/en/solutions/iot,https://www.al-enterprise.com/-/media/assets/internet/documents/industrial-automation-solution-guide-en.pdf,Download,solution-sheet
https://www.al-enterprise.com/en/solutions/iot,https://www.al-enterprise.com/-/media/assets/internet/documents/iot-enterprise-solution-brief-en.pdf,Download,solution-sheet
https://www.al-enterprise.com/en/solutions/iot,https://www.al-enterprise.com/-/media/assets/internet/documents/zero-trust-architecture-ebook-en.pdf,Download,ebook
https://www.al-enterprise.com/en/solutions/purple-on-demand,https://www.al-enterprise.com/-/media/assets/internet/documents/impact-of-artificial-intelligence-communications-app-note-en.pdf,The impact of Artificial Intelligence in communications,app-note
https://www.al-enterprise.com/en/solutions/purple-on-demand,https://www.al-enterprise.com/-/media/assets/internet/documents/ale-pod-brochure-en.pdf,Purple on Demand by Alcatel-Lucent Enterprise,brochure
https://www.al-enterprise.com/en/solutions/purple-on-demand,https://www.al-enterprise.com/-/media/assets/internet/documents/improve-competitiveness-with-xaas-whitepaper-en.pdf,Improve your competitiveness with XaaS,whitepaper
https://www.al-enterprise.com/en/solutions/purple-on-demand,https://www.al-enterprise.com/-/media/assets/internet/documents/align-operations-and-communications-purple-on-demand-flyer-en.pdf,"Align budget, operations and communications services",flyer
https://www.al-enterprise.com/en/solutions/security,https://www.al-enterprise.com/-/media/assets/internet/documents/ale-cloud-comms-security-ebook-en.pdf,Digital Reputation whitepaper,whitepaper
https://www.al-enterprise.com/en/solutions/security,https://www.al-enterprise.com/-/media/assets/internet/documents/risk-resilience-and-security-for-government-and-cities-whitepaper-en.pdf,"Risk, Resilience and Security recommendations",whitepaper
https://www.al-enterprise.com/en/solutions/security,https://www.al-enterprise.com/-/media/assets/internet/documents/connected-defense-brochure-en.pdf,Connected Defense solution brief,brochure
https://www.al-enterprise.com/en/solutions/security,https://www.al-enterprise.com/-/media/assets/internet/documents/smart-campus-security-white-paper-en.pdf,Secure Campus whitepaper,whitepaper
https://www.al-enterprise.com/en/solutions/security,https://www.al-enterprise.com/-/media/assets/internet/documents/healthcare-cybersecurity-brochure-en.pdf,Healthcare Cybersecurity whitepaper,whitepaper
https://www.al-enterprise.com/en/solutions/security,https://www.al-enterprise.com/-/media/assets/internet/documents/data-sovereignty-and-security-flyer-en.pdf,Data Sovereignty and Security Flyer,flyer
https://www.al-enterprise.com/en/solutions/security,https://www.al-enterprise.com/-/media/assets/internet/documents/security-and-resilience-practices-for-modern-organizations-ebook-en.pdf,Security and Resilience Practices eBook,ebook
https://www.al-enterprise.com/en/solutions/security,https://www.al-enterprise.com/-/media/assets/internet/documents/network-portfolio-foldout-interactive-flyer-en.pdf,Interactive Network Portfolio Foldout,flyer
https://www.al-enterprise.com/en/solutions/security,https://www.al-enterprise.com/-/media/assets/internet/documents/securing-unified-communications-and-collaboration-solutions-whitepaper-en.pdf,Securing Unified Communications Whitepaper,whitepaper
https://www.al-enterprise.com/en/solutions/unified-communications,https://www.al-enterprise.com/-/media/assets/internet/documents/data-sovereignty-and-security-flyer-en.pdf,Data Sovereignty and Security Flyer,flyer
https://www.al-enterprise.com/en/solutions/unified-communications,https://www.al-enterprise.com/-/media/assets/internet/documents/rainbow-service-hds-solutionsheet-fr.pdf,Rainbow Service HDS (FR),solution-sheet
https://www.al-enterprise.com/en/solutions/unified-communications,https://www.al-enterprise.com/-/media/assets/internet/documents/rainbow-service-hds-solutionsheet-en.pdf,Rainbow Service HDS (EN),solution-sheet
https://www.al-enterprise.com/en/solutions/unified-communications,https://www.al-enterprise.com/-/media/assets/internet/documents/omnipcx-record-suite-datasheet-en.pdf,OmniPCX RECORD Suite,datasheet
https://www.al-enterprise.com/en/solutions/unified-communications,https://www.al-enterprise.com/-/media/assets/internet/documents/omnipcx-enterprise-communication-server-datasheet-en.pdf,OmniPCX Enterprise Communication Server,datasheet
https://www.al-enterprise.com/en/solutions/unified-communications,https://www.al-enterprise.com/-/media/assets/internet/documents/omnivista-8770-network-management-system-datasheet-en.pdf,OmniVista 8770 Network Management System,datasheet
https://www.al-enterprise.com/en/solutions/unified-communications,https://www.al-enterprise.com/-/media/assets/internet/documents/improve-competitiveness-with-xaas-whitepaper-en.pdf,Improve your competitiveness with XaaS,whitepaper
https://www.al-enterprise.com/en/solutions/unified-communications,https://www.al-enterprise.com/-/media/assets/internet/documents/smart-building-of-the-future-whitepaper-en.pdf,Toward Smart Building 5.0,whitepaper
https://www.al-enterprise.com/en/solutions/unified-communications,https://www.al-enterprise.com/-/media/assets/internet/documents/nec-exciting-uc-hospitality-flyer-en.pdf,What'll you do now that NEC is checking out of your hotel UC?,flyer
https://www.al-enterprise.com/en/solutions/unified-communications,https://www.al-enterprise.com/-/media/assets/internet/documents/nec-exits-uc-hospitality-faq-flyer-en.pdf,What happens now that NEC is checking out of your hotel?,flyer
https://www.al-enterprise.com/en/solutions/unified-communications,https://www.al-enterprise.com/-/media/assets/internet/documents/mobility-ecatalog-ebook-en.pdf,Catalogue of applications and mobile handsets,ebook
https://www.al-enterprise.com/en/solutions/e-services,https://www.al-enterprise.com/-/media/assets/internet/documents/ale-connect-brochure-en.pdf,Alcatel-Lucent Enterprise Connect,brochure
https://www.al-enterprise.com/en/solutions/e-services,https://www.al-enterprise.com/-/media/assets/internet/documents/ale-connect-datasheet-en.pdf,Alcatel-Lucent Enterprise Connect,datasheet
https://www.al-enterprise.com/en/solutions/e-services,https://www.al-enterprise.com/-/media/assets/internet/documents/omnipcx-record-suite-datasheet-en.pdf,OmniPCX RECORD Suite,datasheet
https://www.al-enterprise.com/en/solutions/e-services,https://www.al-enterprise.com/-/media/assets/internet/documents/visual-automated-attendant-datasheet-en.pdf,Visual Automated Attendant,datasheet
https://www.al-enterprise.com/en/solutions/e-services,https://www.al-enterprise.com/-/media/assets/internet/documents/ip-desktop-softphone-datasheet-en.pdf,IP Desktop Softphone,datasheet
https://www.al-enterprise.com/en/solutions/e-services,https://www.al-enterprise.com/-/media/assets/internet/documents/omnitouch-contact-center-brochure-en.pdf,OmniTouch Contact Center Standard Edition,brochure
https://www.al-enterprise.com/en/solutions/e-services,https://www.al-enterprise.com/-/media/assets/internet/documents/omnitouch-contact-center-datasheet-en.pdf,OmniTouch Contact Center Standard Edition,datasheet
https://www.al-enterprise.com/en/solutions/e-services,https://www.al-enterprise.com/-/media/assets/internet/documents/datasheet-proactive-engineering-resource-paer.pdf,ProActive Engineering Resource service,datasheet
https://www.al-enterprise.com/en/solutions/e-services,https://www.al-enterprise.com/-/media/assets/internet/documents/customer-experience-flyer-en.pdf,Customer experience flyer,flyer
https://www.al-enterprise.com/en/solutions/e-services,https://www.al-enterprise.com/-/media/assets/internet/documents/customer-service-infographic-en.pdf,Good customer service is not good enough. It must be great!,infographic
https://www.al-enterprise.com/en/solutions/e-services,https://www.al-enterprise.com/-/media/assets/internet/documents/customer-service-applications-ecatalog-en.pdf,Customer Service eCatalog,ebook
https://www.al-enterprise.com/en/solutions/everything-as-a-service-xaas,https://www.al-enterprise.com/-/media/assets/internet/documents/improve-competitiveness-with-xaas-whitepaper-en.pdf,Improve your competitiveness with XaaS,whitepaper
https://www.al-enterprise.com/en/solutions/everything-as-a-service-xaas,https://www.al-enterprise.com/-/media/assets/internet/documents/winning-strategy-with-xaas-solution-sheet-en.pdf,Define your winning strategy with XaaS,solution-sheet
https://www.al-enterprise.com/en/solutions/everything-as-a-service-xaas,https://www.al-enterprise.com/-/media/assets/internet/documents/xaas-infographic-en.pdf,Is Everything as a Service the new standard?,infographic
https://www.al-enterprise.com/en/solutions/everything-as-a-service-xaas,https://www.al-enterprise.com/-/media/assets/internet/documents/xaas-ucaas-flyer-en.pdf,Unlock the power of Unified Communications as a Service,flyer
https://www.al-enterprise.com/en/solutions/everything-as-a-service-xaas,https://www.al-enterprise.com/-/media/assets/internet/documents/accelerating-digital-transformation-with-network-as-a-service-whitepaper-en.pdf,Accelerating digital transformation with Network as a Service,whitepaper
https://www.al-enterprise.com/en/solutions/everything-as-a-service-xaas,https://www.al-enterprise.com/-/media/assets/internet/documents/converged-xaas-whitepaper-en.pdf,Accelerate your competitiveness with XaaS,whitepaper
https://www.al-enterprise.com/en/solutions/hybrid-workplace,https://www.al-enterprise.com/-/media/assets/internet/documents/cloud-market-by-the-numbers-infographic-en.pdf,Cloud Market by Analysts,infographic
https://www.al-enterprise.com/en/solutions/hybrid-workplace,https://www.al-enterprise.com/-/media/assets/internet/documents/customer-service-applications-ecatalog-en.pdf,Customer Service eCatalog,ebook
https://www.al-enterprise.com/en/solutions/hybrid-workplace,https://www.al-enterprise.com/-/media/assets/internet/documents/ale-deskphones-ecatalog-brochure-en.pdf,ALE DeskPhones Interactive catalogue,brochure
https://www.al-enterprise.com/en/solutions/hybrid-workplace,https://www.al-enterprise.com/-/media/assets/internet/documents/ale-sip-deskphones-ecatalog-brochure-en.pdf,Alcatel-Lucent Enterprise SIP DeskPhones,brochure
https://www.al-enterprise.com/en/solutions/hybrid-workplace,https://www.al-enterprise.com/-/media/assets/internet/documents/cloud-connect-benefits-and-data-protection-faq-en.pdf,Cloud connect benefits and data protection - EN partners FAQ,flyer
https://www.al-enterprise.com/en/solutions/hybrid-workplace,https://www.al-enterprise.com/-/media/assets/internet/documents/digital-team-collaboration-ebook-en.pdf,Digital team collaboration: The cornerstone of the digital workplace,ebook
https://www.al-enterprise.com/en/solutions/hybrid-workplace,https://www.al-enterprise.com/-/media/assets/internet/documents/strengthen-microsoft-teams-and-google-apps-with-ale-flyer-en.pdf,Enhance your Microsoft Teams and Google apps,flyer
https://www.al-enterprise.com/en/solutions/hybrid-workplace,https://www.al-enterprise.com/-/media/assets/internet/documents/ale-omnipcx-enterprise-purple-ebook-en.pdf,Alcatel-Lucent OmniPCX Enterprise Purple,ebook
https://www.al-enterprise.com/en/solutions/hybrid-workplace,https://www.al-enterprise.com/-/media/assets/internet/documents/digital-age-communications-infographic-en.pdf,Digital Age Communications Infographic,infographic
https://www.al-enterprise.com/en/solutions/hybrid-workplace,https://www.al-enterprise.com/-/media/assets/internet/documents/improving-the-employee-experience-in-the-digital-communications-era-ebook-en.pdf,Improving the employee experience in the digital communications era,ebook
https://www.al-enterprise.com/en/solutions/digital-dividends,https://www.al-enterprise.com/-/media/assets/internet/documents/improving-employee-experience-in-the-digital-era-flyer-en.pdf,Employee experience flyer,flyer
https://www.al-enterprise.com/en/solutions/digital-dividends,https://www.al-enterprise.com/-/media/assets/internet/documents/securing-unified-communications-and-collaboration-solutions-whitepaper-en.pdf,Securing unified communications and collaboration solutions,whitepaper
https://www.al-enterprise.com/en/solutions/digital-dividends,https://www.al-enterprise.com/-/media/assets/internet/documents/bridging-the-gap-it-operations-whitepaper-en.pdf,Bridging the gap between IT and Operations,whitepaper
https://www.al-enterprise.com/en/solutions/digital-dividends,https://www.al-enterprise.com/-/media/assets/internet/documents/technology-the-road-to-operational-excellence-whitepaper-en.pdf,Technology and the road to operational excellence,whitepaper
https://www.al-enterprise.com/en/solutions/digital-dividends,https://www.al-enterprise.com/-/media/assets/internet/documents/customer-experience-infographic-en.pdf,Customer experience infographic,infographic
https://www.al-enterprise.com/en/solutions/digital-dividends,https://www.al-enterprise.com/-/media/assets/internet/documents/employee-experience-infographic-en.pdf,Employee experience infographic,infographic
https://www.al-enterprise.com/en/solutions/digital-dividends,https://www.al-enterprise.com/-/media/assets/internet/documents/digital-dividends-op-ex-infographic-en.pdf,Operational Excellence infographic,infographic
https://www.al-enterprise.com/en/solutions/digital-dividends,https://www.al-enterprise.com/-/media/assets/internet/documents/operational-excellence-flyer-en.pdf,Operational excellence flyer,flyer
https://www.al-enterprise.com/en/solutions/digital-dividends,https://www.al-enterprise.com/-/media/assets/internet/documents/digital-dividends-3-pillars-flyer-en.pdf,Digital dividends flyer,flyer
https://www.al-enterprise.com/en/solutions/digital-dividends,https://www.al-enterprise.com/-/media/assets/internet/documents/customer-experience-flyer-en.pdf,Customer experience flyer,flyer
https://www.al-enterprise.com/en/solutions/digital-dividends,https://www.al-enterprise.com/-/media/assets/internet/documents/digital-age-communications-delivers-digital-dividends-with-tangible-business-outcomes-ebook-en.pdf,Digital Age Communications deliver digital dividends,ebook
https://www.al-enterprise.com/en/solutions/digital-age-networking,https://www.al-enterprise.com/-/media/assets/internet/documents/digital-age-networking-for-healthcare-brochure-en.pdf,Digital Age Networking for Healthcare,brochure
https://www.al-enterprise.com/en/solutions/digital-age-networking,https://www.al-enterprise.com/-/media/assets/internet/documents/digital-age-networking-for-hospitality-brochure-en.pdf,Digital Age Networking for Hospitality,brochure
https://www.al-enterprise.com/en/solutions/digital-age-networking,https://www.al-enterprise.com/-/media/assets/internet/documents/digital-age-networking-for-education-brochure-en.pdf,Digital Age Networking for Education,brochure
https://www.al-enterprise.com/en/solutions/digital-age-networking,https://www.al-enterprise.com/-/media/assets/internet/documents/digital-age-networking-for-transportation-brochure-en.pdf,Digital Age Networking for Transportation,brochure
https://www.al-enterprise.com/en/solutions/digital-age-networking,https://www.al-enterprise.com/-/media/assets/internet/documents/digital-age-networking-for-government-brochure-en.pdf,Digital Age Networking for Government,brochure
https://www.al-enterprise.com/en/solutions/digital-age-networking,https://www.al-enterprise.com/-/media/assets/internet/documents/omnivista-network-management-datasheet-en.pdf,OmniVista Network Management,datasheet
https://www.al-enterprise.com/en/solutions/digital-age-networking,https://www.al-enterprise.com/-/media/assets/internet/documents/network-as-a-service-brochure-en.pdf,Network as a Service,brochure
https://www.al-enterprise.com/en/solutions/digital-age-networking,https://www.al-enterprise.com/-/media/assets/internet/documents/network-mid-sized-enterprises-brochure-en.pdf,Network Solutions for Mid-sized Enterprises,brochure
https://www.al-enterprise.com/en/solutions/digital-age-networking,https://www.al-enterprise.com/-/media/assets/internet/documents/omnivista-network-advisor-brochure-en.pdf,OmniVista Network Advisor,brochure
https://www.al-enterprise.com/en/solutions/digital-age-networking,https://www.al-enterprise.com/-/media/assets/internet/documents/smart-buildings-brochure-en.pdf,Creating human-centric buildings with smart capabilities,brochure
https://www.al-enterprise.com/en/solutions/digital-age-networking,https://www.al-enterprise.com/-/media/assets/internet/documents/smart-building-of-the-future-whitepaper-en.pdf,Toward Smart Building 5.0,whitepaper
https://www.al-enterprise.com/en/solutions/digital-age-networking,https://www.al-enterprise.com/-/media/assets/internet/documents/augmented-intelligence-and-iot-fingerprinting-service-defined-networks-app-note-en.pdf,Augmented Intelligence and IoT Fingerprinting,app-note
https://www.al-enterprise.com/en/solutions/digital-age-networking,https://www.al-enterprise.com/-/media/assets/internet/documents/digital-age-networking-enterprises-apac-whitepaper-en.pdf,Digital Age Networking Enterprises APAC,whitepaper
https://www.al-enterprise.com/en/solutions/digital-age-networking,https://www.al-enterprise.com/-/media/assets/internet/documents/building-a-cost-efficient-zero-trust-network-solution-brief-en.pdf,Building a cost efficient zero trust network,solution-sheet
https://www.al-enterprise.com/en/solutions/digital-age-networking,https://www.al-enterprise.com/-/media/assets/internet/documents/digital-age-networking-for-enterprises-brochure-en.pdf,Digital Age Networking in Enterprises,brochure
https://www.al-enterprise.com/en/solutions/autonomous-network,https://www.al-enterprise.com/-/media/assets/internet/documents/ale-portfolio-foldout-interactive-flyer-en.pdf,"Portfolio overview, Cloud, Comms and Networks - interactive",flyer
https://www.al-enterprise.com/en/solutions/autonomous-network,https://www.al-enterprise.com/-/media/assets/internet/documents/autonomous-network-whitepaper-en.pdf,"Beyond Automation: Building Smarter, Self-Driven Networks",whitepaper
https://www.al-enterprise.com/en/solutions/autonomous-network,https://www.al-enterprise.com/-/media/assets/internet/documents/network-mid-sized-enterprises-brochure-en.pdf,Network Solutions for Mid-sized Enterprises Brochure,brochure
https://www.al-enterprise.com/en/solutions/autonomous-network,https://www.al-enterprise.com/-/media/assets/internet/documents/network-portfolio-foldout-interactive-flyer-en.pdf,Interactive foldout for Network portfolio,flyer
https://www.al-enterprise.com/en/solutions/autonomous-network,https://www.al-enterprise.com/-/media/assets/internet/documents/scs-education-pathway-infographic-en.pdf,Student Centric Services - Optimizing the education pathway,infographic
https://www.al-enterprise.com/en/solutions/autonomous-network,https://www.al-enterprise.com/-/media/assets/internet/documents/ruggedized-switches-brochure-en.pdf,Ruggedized Ethernet Switches,brochure
https://www.al-enterprise.com/en/solutions/autonomous-network,https://www.al-enterprise.com/-/media/assets/internet/documents/the-future-of-networking-multi-technology-network-fabric-ebook-en.pdf,The Future of Networking: Multi-Technology Network Fabric,ebook
https://www.al-enterprise.com/en/solutions/autonomous-network,https://www.al-enterprise.com/-/media/assets/internet/documents/omnifabric-network-fabric-brochure-en.pdf,OmniFabric - ALE Secure Network Fabric Brochure,brochure
https://www.al-enterprise.com/en/solutions/autonomous-network,https://www.al-enterprise.com/-/media/assets/internet/documents/omnivista-network-advisor-brochure-en.pdf,OmniVista Network Advisor Brochure,brochure
https://www.al-enterprise.com/en/solutions/autonomous-network,https://www.al-enterprise.com/-/media/assets/internet/documents/smart-buildings-brochure-en.pdf,Creating human-centric buildings with smart capabilities,brochure
https://www.al-enterprise.com/en/solutions/autonomous-network,https://www.al-enterprise.com/-/media/assets/internet/documents/autonomous-network-brochure-en.pdf,Alcatel-Lucent Enterprise Autonomous Network Brochure,brochure
https://www.al-enterprise.com/en/solutions/data-center,https://www.al-enterprise.com/-/media/assets/internet/documents/network-portfolio-foldout-interactive-flyer-en.pdf,Interactive foldout for Network portfolio,flyer
https://www.al-enterprise.com/en/solutions/data-center,https://www.al-enterprise.com/-/media/assets/internet/documents/investing-in-lives-by-investing-in-learning-brochure-en.pdf,Investing in lives by investing in learning,brochure
https://www.al-enterprise.com/en/solutions/data-center,https://www.al-enterprise.com/-/media/assets/internet/documents/ifab-visibility-control-for-network-overlays-appnote-en.pdf,Intelligent Fabric delivers application visibility and control,app-note
https://www.al-enterprise.com/en/solutions/data-center,https://www.al-enterprise.com/-/media/assets/internet/documents/omniswitch-6450-10-datasheet-en.pdf,OmniSwitch 6450-10,datasheet
https://www.al-enterprise.com/en/solutions/data-center,https://www.al-enterprise.com/-/media/assets/internet/documents/digital-age-networking-for-enterprises-brochure-en.pdf,Digital Age Networking in Enterprises,brochure
https://www.al-enterprise.com/en/solutions/hybrid-pol,https://www.al-enterprise.com/-/media/assets/internet/documents/omniswitch-6900-datasheet-en.pdf,OmniSwitch 6900 Stackable LAN Switches,datasheet
https://www.al-enterprise.com/en/solutions/hybrid-pol,https://www.al-enterprise.com/-/media/assets/internet/documents/network-portfolio-foldout-interactive-flyer-en.pdf,Interactive foldout for Network portfolio,flyer
https://www.al-enterprise.com/en/solutions/hybrid-pol,https://www.al-enterprise.com/-/media/assets/internet/documents/ale-hybrid-pol-solution-brochure-en.pdf,Alcatel-Lucent Enterprise Hybrid POL brochure,brochure
https://www.al-enterprise.com/en/solutions/hybrid-pol,https://www.al-enterprise.com/-/media/assets/internet/documents/nokia-ont-g-010s-s-datasheet-en.pdf,Nokia ONT G-010S-Q,datasheet
https://www.al-enterprise.com/en/solutions/hybrid-pol,https://www.al-enterprise.com/-/media/assets/internet/documents/nokia-ont-xs-010x-q-datasheet-en.pdf,Nokia ONT XS-010X-Q,datasheet
https://www.al-enterprise.com/en/solutions/hybrid-pol,https://www.al-enterprise.com/-/media/assets/internet/documents/nokia-isam-fant-h-datasheet-en.pdf,Nokia ISAM FANT-H Network Termination Card,datasheet
https://www.al-enterprise.com/en/solutions/hybrid-pol,https://www.al-enterprise.com/-/media/assets/internet/documents/nokia-multi-pon-card-fwlt-c-datasheet-en.pdf,Nokia Multi-PON card,datasheet
https://www.al-enterprise.com/en/solutions/hybrid-pol,https://www.al-enterprise.com/-/media/assets/internet/documents/nokia-isam-fglt-d-datasheet-en.pdf,Nokia ISAM FGLT-D,datasheet
https://www.al-enterprise.com/en/solutions/hybrid-pol,https://www.al-enterprise.com/-/media/assets/internet/documents/nokia-7362-isam-df-16gw-datasheet-en.pdf,Nokia 7362 ISAM DF-16GW,datasheet
https://www.al-enterprise.com/en/solutions/hybrid-pol,https://www.al-enterprise.com/-/media/assets/internet/documents/nokia-altiplano-access-controller-datasheet-en.pdf,Nokia Altiplano Access Controller,datasheet
https://www.al-enterprise.com/en/solutions/industrial-networks,https://www.al-enterprise.com/-/media/assets/internet/documents/cybersecurity-for-enterprises-brochure-en.pdf,Download the brochure,brochure
https://www.al-enterprise.com/en/solutions/industrial-networks,https://www.al-enterprise.com/-/media/assets/internet/documents/secure-and-efficient-industrial-iot-deployment-solution-sheet-en.pdf,Download the solution brief,solution-sheet
https://www.al-enterprise.com/en/solutions/industrial-networks,https://www.al-enterprise.com/-/media/assets/internet/documents/industrial-automation-solution-guide-en.pdf,Download,solution-sheet
https://www.al-enterprise.com/en/solutions/industrial-networks,https://www.al-enterprise.com/-/media/assets/internet/documents/ruggedized-switches-brochure-en.pdf,Download the brochure,brochure
https://www.al-enterprise.com/en/solutions/mission-critical-networks,https://www.al-enterprise.com/-/media/assets/internet/documents/omniswitch-6900-datasheet-en.pdf,OmniSwitch 6900 Stackable LAN Switches,datasheet
https://www.al-enterprise.com/en/solutions/mission-critical-networks,https://www.al-enterprise.com/-/media/assets/internet/documents/network-portfolio-foldout-interactive-flyer-en.pdf,Interactive foldout for Network portfolio,flyer
https://www.al-enterprise.com/en/solutions/mission-critical-networks,https://www.al-enterprise.com/-/media/assets/internet/documents/secure-and-efficient-industrial-iot-deployment-solution-sheet-en.pdf,Secure and efficient Industrial IoT deployment,solution-sheet
https://www.al-enterprise.com/en/solutions/mission-critical-networks,https://www.al-enterprise.com/-/media/assets/internet/documents/ruggedized-switches-brochure-en.pdf,Ruggedized Ethernet Switches,brochure
https://www.al-enterprise.com/en/solutions/mission-critical-networks,https://www.al-enterprise.com/-/media/assets/internet/documents/smart-building-of-the-future-whitepaper-en.pdf,Toward Smart Building 5.0,whitepaper
https://www.al-enterprise.com/en/solutions/mission-critical-networks,https://www.al-enterprise.com/-/media/assets/internet/documents/ale-hybrid-pol-solution-brochure-en.pdf,Alcatel-Lucent Enterprise Hybrid POL brochure,brochure
https://www.al-enterprise.com/en/solutions/mission-critical-networks,https://www.al-enterprise.com/-/media/assets/internet/documents/industrial-automation-solution-guide-en.pdf,Industrial Automation Solution Guide,solution-sheet
https://www.al-enterprise.com/en/solutions/mission-critical-networks,https://www.al-enterprise.com/-/media/assets/internet/documents/precision-time-protocol-application-note-en.pdf,Precision Time Protocol Application Note,app-note
https://www.al-enterprise.com/en/solutions/mission-critical-networks,https://www.al-enterprise.com/-/media/assets/internet/documents/ale-a-comprehensive-portfolio-of-optical-and-ethernet-lan-solutions-white-paper-en.pdf,ALE: A comprehensive portfolio of Optical and Ethernet LAN Solutions,whitepaper
https://www.al-enterprise.com/en/solutions/mission-critical-networks,https://www.al-enterprise.com/-/media/assets/internet/documents/nokia-7210-sas-datasheet-en.pdf,Nokia 7210 SAS,datasheet
https://www.al-enterprise.com/en/solutions/mission-critical-networks,https://www.al-enterprise.com/-/media/assets/internet/documents/dan-for-its-whitepaper-en.pdf,Digital Age Networking for ITS,whitepaper
https://www.al-enterprise.com/en/solutions/omnifabric,https://www.al-enterprise.com/-/media/assets/internet/documents/network-portfolio-foldout-interactive-flyer-en.pdf,Interactive foldout for Network portfolio,flyer
https://www.al-enterprise.com/en/solutions/omnifabric,https://www.al-enterprise.com/-/media/assets/internet/documents/the-future-of-networking-multi-technology-network-fabric-ebook-en.pdf,The Future of Networking: Multi-Technology Network Fabric,ebook
https://www.al-enterprise.com/en/solutions/omnifabric,https://www.al-enterprise.com/-/media/assets/internet/documents/omnifabric-network-fabric-brochure-en.pdf,OmniFabric - ALE Secure Network Fabric Brochure,brochure
https://www.al-enterprise.com/en/solutions/optical-solutions,https://www.al-enterprise.com/-/media/assets/internet/documents/ale-optical-networking-solutions-dwdm-brochure.pdf,Alcatel-Lucent Optical Networking Solutions,brochure
https://www.al-enterprise.com/en/solutions/sd-wan,https://www.al-enterprise.com/-/media/assets/internet/documents/ale-versa-networks-sase-offer-brochure.pdf,Alcatel-Lucent SD-WAN Advancing Secure Connectivity with Versa Networks SASE,brochure
https://www.al-enterprise.com/en/solutions/sd-wan,https://www.al-enterprise.com/-/media/assets/internet/documents/ale-versa-secure-sdwan-datasheet-en.pdf,Versa Secure SD-WAN Datasheet,datasheet
https://www.al-enterprise.com/en/solutions/sd-wan,https://www.al-enterprise.com/-/media/assets/internet/documents/network-portfolio-foldout-interactive-flyer-en.pdf,Interactive foldout for Network portfolio,flyer
https://www.al-enterprise.com/en/solutions/shortest-path-bridging,https://www.al-enterprise.com/-/media/assets/internet/documents/network-portfolio-foldout-interactive-flyer-en.pdf,Interactive foldout for Network portfolio,flyer
https://www.al-enterprise.com/en/solutions/shortest-path-bridging,https://www.al-enterprise.com/-/media/assets/internet/documents/secure-and-efficient-industrial-iot-deployment-solution-sheet-en.pdf,Secure and efficient Industrial IoT deployment,solution-sheet
https://www.al-enterprise.com/en/solutions/shortest-path-bridging,https://www.al-enterprise.com/-/media/assets/internet/documents/ruggedized-switches-brochure-en.pdf,Ruggedized Ethernet Switches,brochure
https://www.al-enterprise.com/en/solutions/shortest-path-bridging,https://www.al-enterprise.com/-/media/assets/internet/documents/spb-architecture-tech-brief-en.pdf,Short Path Bridging Architecture Design Guide,solution-sheet
https://www.al-enterprise.com/en/solutions/shortest-path-bridging,https://www.al-enterprise.com/-/media/assets/internet/documents/dan-for-its-whitepaper-en.pdf,Digital Age Networking for ITS,whitepaper
https://www.al-enterprise.com/en/solutions/shortest-path-bridging,https://www.al-enterprise.com/-/media/assets/internet/documents/spb-solution-brief-en.pdf,"Shortest Path Bridging: Versatile, simple and reliable",solution-sheet
https://www.al-enterprise.com/en/solutions/wifi-solutions,https://www.al-enterprise.com/-/media/assets/internet/documents/omniaccess-stellar-oaw-ap1501-datasheet-en.pdf,Alcatel-Lucent OmniAccess Stellar AP1501,datasheet
https://www.al-enterprise.com/en/solutions/wifi-solutions,https://www.al-enterprise.com/-/media/assets/internet/documents/omniaccess-stellar-product-line-matrix-antenna-interactive-brochure-en.pdf,OmniAccess Stellar Product Line Matrix Brochure,brochure
https://www.al-enterprise.com/en/solutions/wifi-solutions,https://www.al-enterprise.com/-/media/assets/internet/documents/omniaccess-stellar-oaw-ap1411-datasheet-en.pdf,Alcatel-Lucent OmniAccess Stellar AP1411,datasheet
https://www.al-enterprise.com/en/solutions/wifi-solutions,https://www.al-enterprise.com/-/media/assets/internet/documents/omniaccess-stellar-oaw-ap1511-datasheet-en.pdf,Alcatel-Lucent OmniAccess Stellar AP1511,datasheet
https://www.al-enterprise.com/en/solutions/wifi-solutions,https://www.al-enterprise.com/-/media/assets/internet/documents/network-portfolio-foldout-interactive-flyer-en.pdf,Interactive foldout for Network portfolio,flyer
https://www.al-enterprise.com/en/solutions/wifi-solutions,https://www.al-enterprise.com/-/media/assets/internet/documents/five-must-dos-for-wifi7-migration-ebook-en.pdf,Five Must Dos for a successful Wi-Fi 7 migration,ebook
https://www.al-enterprise.com/en/solutions/wifi-solutions,https://www.al-enterprise.com/-/media/assets/internet/documents/smart-buildings-brochure-en.pdf,Creating human-centric buildings with smart capabilities,brochure
https://www.al-enterprise.com/en/solutions/wifi-solutions,https://www.al-enterprise.com/-/media/assets/internet/documents/smart-building-of-the-future-whitepaper-en.pdf,Toward Smart Building 5.0,whitepaper
https://www.al-enterprise.com/en/solutions/wifi-solutions,https://www.al-enterprise.com/-/media/assets/internet/documents/omniaccess-stellar-at-a-glance-brochure-en.pdf,OmniAccess Stellar At-a-Glance Guide Brochure,brochure
https://www.al-enterprise.com/en/solutions/wifi-solutions,https://www.al-enterprise.com/-/media/assets/internet/documents/omniaccess-stellar-oaw-ap1431-datasheet-en.pdf,Alcatel-Lucent OmniAccess Stellar AP1431,datasheet
https://www.al-enterprise.com/en/solutions/business-innovation,https://www.al-enterprise.com/-/media/assets/internet/documents/asset-tracking-for-healthcare-brochure-en.pdf,Asset Tracking and Contact Tracing in Healthcare,brochure
https://www.al-enterprise.com/en/solutions/business-innovation,https://www.al-enterprise.com/-/media/assets/internet/documents/stellar-asset-tracking-for-enterprise-brochure-en.pdf,OmniAccess Stellar Asset Tracking for Enterprises,brochure
https://www.al-enterprise.com/en/solutions/business-innovation,https://www.al-enterprise.com/-/media/assets/internet/documents/with-bots-embrace-human-centric-experience-white-paper-en.pdf,"With bots, embrace the human centric experience",whitepaper
https://www.al-enterprise.com/en/solutions/business-innovation,https://www.al-enterprise.com/-/media/assets/internet/documents/ai-enterprise-whitepaper-en.pdf,Artificial intelligence applied to enterprise communications,whitepaper
https://www.al-enterprise.com/en/solutions/business-innovation,https://www.al-enterprise.com/-/media/assets/internet/documents/digital-age-networking-for-enterprises-brochure-en.pdf,Digital Age Networking in Enterprises,brochure
https://www.al-enterprise.com/en/solutions/network-as-a-service,https://www.al-enterprise.com/-/media/assets/internet/documents/network-as-a-service-brochure-en.pdf,Network as a Service by ALE,brochure
https://www.al-enterprise.com/en/solutions/network-as-a-service,https://www.al-enterprise.com/-/media/assets/internet/documents/network-portfolio-foldout-interactive-flyer-en.pdf,Interactive foldout for Network portfolio,flyer
https://www.al-enterprise.com/en/solutions/network-as-a-service,https://www.al-enterprise.com/-/media/assets/internet/documents/improve-competitiveness-with-xaas-whitepaper-en.pdf,Improve your competitiveness with XaaS,whitepaper
https://www.al-enterprise.com/en/solutions/network-as-a-service,https://www.al-enterprise.com/-/media/assets/internet/documents/cisco-competitive-campaign-infographic-en.pdf,Has your network hit the end of the road?,infographic
https://www.al-enterprise.com/en/solutions/network-as-a-service,https://www.al-enterprise.com/-/media/assets/internet/documents/accelerating-digital-transformation-with-network-as-a-service-whitepaper-en.pdf,Accelerating digital transformation with Network as a Service,whitepaper
https://www.al-enterprise.com/en/solutions/network-as-a-service,https://www.al-enterprise.com/-/media/assets/internet/documents/cisco-competitive-campaign-no-products-infographic-en.pdf,Has your network hit the end of the road? (no products),infographic
https://www.al-enterprise.com/en/solutions/video-surveillance,https://www.al-enterprise.com/-/media/assets/internet/documents/network-portfolio-foldout-interactive-flyer-en.pdf,Interactive foldout for Network portfolio,flyer
https://www.al-enterprise.com/en/solutions/video-surveillance,https://www.al-enterprise.com/-/media/assets/internet/documents/maximizing-security-and-performance-whitepaper-en.pdf,Maximizing security and performance,whitepaper
https://www.al-enterprise.com/en/solutions/video-surveillance,https://www.al-enterprise.com/-/media/assets/internet/documents/smart-buildings-brochure-en.pdf,Creating human-centric buildings with smart capabilities,brochure
https://www.al-enterprise.com/en/solutions/video-surveillance,https://www.al-enterprise.com/-/media/assets/internet/documents/smart-building-of-the-future-whitepaper-en.pdf,Toward Smart Building 5.0,whitepaper
https://www.al-enterprise.com/en/solutions/video-surveillance,https://www.al-enterprise.com/-/media/assets/internet/documents/problem-solving-ip-video-system-challenges-whitepaper-en.pdf,Problem-solving IP video systems challenges,whitepaper
https://www.al-enterprise.com/en/solutions/video-surveillance,https://www.al-enterprise.com/-/media/assets/internet/documents/it-considerations-for-designing-an-ip-video-system-whitepaper-en.pdf,IT considerations for designing an IP video system,whitepaper
https://www.al-enterprise.com/en/solutions/video-surveillance,https://www.al-enterprise.com/-/media/assets/internet/documents/video-surveillance-flyer-en.pdf,Video surveillance,flyer
https://www.al-enterprise.com/en/solutions/video-surveillance,https://www.al-enterprise.com/-/media/assets/internet/documents/spb-video-surveillance-brochure-en.pdf,Alcatel-Lucent Enterprise Video Surveillance Solution Brochure,brochure
https://www.al-enterprise.com/en/solutions/video-surveillance,https://www.al-enterprise.com/-/media/assets/internet/documents/ale-omniswitch-milestone-plugin-solution-sheet-en.pdf,OmniSwitch Milestone Plugin Solution Sheet,solution-sheet
https://www.al-enterprise.com/en/solutions/video-surveillance,https://www.al-enterprise.com/-/media/assets/internet/documents/security-solutions-for-a-safe-guest-experience-solution-sheet-en.pdf,How can technology help the hospitality industry revival,solution-sheet
https://www.al-enterprise.com/en/solutions/private-5g-network,https://www.al-enterprise.com/-/media/assets/internet/documents/ale-private-5g-overview-brochure-en.pdf,Advanced Private 5G for Business-Critical Connectivity Brochure,brochure
https://www.al-enterprise.com/en/solutions/private-5g-network,https://www.al-enterprise.com/-/media/assets/internet/documents/network-portfolio-foldout-interactive-flyer-en.pdf,Interactive foldout for Network portfolio,flyer
https://www.al-enterprise.com/en/solutions/private-5g-network,https://www.al-enterprise.com/-/media/assets/internet/documents/ale-private-5g-access-points-productbrief-en.pdf,Private 5G - Access Points product brief,datasheet
https://www.al-enterprise.com/en/solutions/private-5g-network,https://www.al-enterprise.com/-/media/assets/internet/documents/ale-private-5g-ap-21-datasheet-en.pdf,Private 5G - AP21 datasheet,datasheet
https://www.al-enterprise.com/en/solutions/private-5g-network,https://www.al-enterprise.com/-/media/assets/internet/documents/ale-private-5g-antennas-accessories-datasheet-en.pdf,Private 5G - APs antennas & accessories datasheet,datasheet
https://www.al-enterprise.com/en/solutions/private-5g-network,https://www.al-enterprise.com/-/media/assets/internet/documents/ale-private-5g-orchestrator-productbrief-en.pdf,Private 5G - Orchestrator product brief,datasheet
https://www.al-enterprise.com/en/solutions/private-5g-network,https://www.al-enterprise.com/-/media/assets/internet/documents/ale-private-5g-ap-11-datasheet-en.pdf,Private 5G - AP11 datasheet,datasheet
https://www.al-enterprise.com/en/solutions/private-5g-network,https://www.al-enterprise.com/-/media/assets/internet/documents/ale-private-5g-ap-20-datasheet-en.pdf,Private 5G - AP20 datasheet,datasheet
https://www.al-enterprise.com/en/solutions/private-5g-network,https://www.al-enterprise.com/-/media/assets/internet/documents/ale-private-5g-ap-edge-datasheet-en.pdf,Private 5G - Edge Appliances datasheet,datasheet
https://www.al-enterprise.com/en/solutions/private-5g-network,https://www.al-enterprise.com/-/media/assets/internet/documents/ale-private-5g-ap-12-datasheet-en.pdf,Private 5G - AP12 datasheet,datasheet
https://www.al-enterprise.com/en/solutions/business-continuity,https://www.al-enterprise.com/-/media/assets/internet/documents/your-choice-infographic-en.pdf,"Your business, your transformation, your choice",infographic
https://www.al-enterprise.com/en/solutions/business-continuity,https://www.al-enterprise.com/-/media/assets/internet/documents/your-choice-tri-fold-print-flyer-lr-en.pdf,Giving businesses choices to adapt to uncertainty,flyer
https://www.al-enterprise.com/en/solutions/business-continuity,https://www.al-enterprise.com/-/media/assets/internet/documents/mobility-ecatalog-ebook-en.pdf,Mobility e-catalog,ebook
https://www.al-enterprise.com/en/solutions/business-continuity,https://www.al-enterprise.com/-/media/assets/internet/documents/rainbow-faq-virtual-learning-classroom-flyer-en.pdf,Why is classroom control important for engaging students?,flyer
https://www.al-enterprise.com/en/solutions/business-continuity,https://www.al-enterprise.com/-/media/assets/internet/documents/maximize-the-cloud-flyer-en.pdf,Maximize the Cloud,flyer
https://www.al-enterprise.com/en/solutions/business-continuity,https://www.al-enterprise.com/-/media/assets/internet/documents/new-working-normal-infographic-en.pdf,New Normal of work,infographic
https://www.al-enterprise.com/en/solutions/business-continuity,https://www.al-enterprise.com/-/media/assets/internet/documents/optimize-cost-competitiveness-cloud-ebook-en.pdf,Cost Optimization with cloud communications,ebook
https://www.al-enterprise.com/en/solutions/business-continuity,https://www.al-enterprise.com/-/media/assets/internet/documents/enterprise-communications-in-the-new-normal-era-ebook-en.pdf,Enterprise Communications for the era of the new normal,ebook
https://www.al-enterprise.com/en/solutions/business-continuity/return-to-business,https://www.al-enterprise.com/-/media/assets/internet/documents/new-working-normal-infographic-en.pdf,Download the infographic,infographic
https://www.al-enterprise.com/en/solutions/business-continuity/return-to-business,https://www.al-enterprise.com/-/media/assets/internet/documents/enterprise-communications-in-the-new-normal-era-ebook-en.pdf,Download the ebook,ebook
https://www.al-enterprise.com/en/solutions/business-continuity/continuity-of-learning,https://www.al-enterprise.com/-/media/assets/internet/documents/your-choice-infographic-en.pdf,"Your business, your transformation, your choice",infographic
https://www.al-enterprise.com/en/solutions/business-continuity/continuity-of-learning,https://www.al-enterprise.com/-/media/assets/internet/documents/your-choice-tri-fold-print-flyer-lr-en.pdf,Giving businesses choices to adapt to uncertainty,flyer
https://www.al-enterprise.com/en/solutions/business-continuity/continuity-of-learning,https://www.al-enterprise.com/-/media/assets/internet/documents/mobility-ecatalog-ebook-en.pdf,Mobility e-catalog,ebook
https://www.al-enterprise.com/en/solutions/business-continuity/continuity-of-learning,https://www.al-enterprise.com/-/media/assets/internet/documents/rainbow-faq-virtual-learning-classroom-flyer-en.pdf,Why is classroom control important for engaging students?,flyer
https://www.al-enterprise.com/en/solutions/business-continuity/continuity-of-learning,https://www.al-enterprise.com/-/media/assets/internet/documents/maximize-the-cloud-flyer-en.pdf,Maximize the Cloud,flyer
https://www.al-enterprise.com/en/solutions/business-continuity/continuity-of-learning,https://www.al-enterprise.com/-/media/assets/internet/documents/rainbow-classroom-ebook-en.pdf,Download the catalogue (Rainbow Classroom),ebook
https://www.al-enterprise.com/en/services,https://www.al-enterprise.com/-/media/assets/internet/documents/rainbow-click-to-connect-datasheet-en.pdf,Rainbow Click-to-Connect by Alcatel-Lucent Enterprise,datasheet
https://www.al-enterprise.com/en/services,https://www.al-enterprise.com/-/media/assets/internet/documents/customer-success-management-solution-brief-en.pdf,Customer Success Management Solution Brief,solution-sheet
https://www.al-enterprise.com/en/services,https://www.al-enterprise.com/-/media/assets/internet/documents/services-value-proposition-solutionsheet-en.pdf,Services value proposition,solution-sheet
https://www.al-enterprise.com/en/services,https://www.al-enterprise.com/-/media/assets/internet/documents/conversation-analysis-services-datasheet-en.pdf,Conversation analysis services by ALE / Unsaid,datasheet
https://www.al-enterprise.com/en/services/education-services,https://www.al-enterprise.com/-/media/assets/internet/documents/training-offer-for-customers.pdf,Training offer for Customers,brochure
https://www.al-enterprise.com/en/services/education-services,https://www.al-enterprise.com/-/media/assets/internet/documents/training-centers-locator.pdf,Training Centers Locator,brochure
https://www.al-enterprise.com/en/services/education-services,https://www.al-enterprise.com/-/media/assets/internet/documents/training-services-brochure-en.pdf,Training Services,brochure
https://www.al-enterprise.com/en/services/industry-services,https://www.al-enterprise.com/-/media/assets/internet/documents/rainbow-click-to-connect-datasheet-en.pdf,Rainbow Click-to-Connect by Alcatel-Lucent Enterprise,datasheet
https://www.al-enterprise.com/en/services/industry-services,https://www.al-enterprise.com/-/media/assets/internet/documents/selfcare-datasheet-en.pdf,Alcatel-Lucent Enterprise Selfcare,datasheet
https://www.al-enterprise.com/en/services/industry-services,https://www.al-enterprise.com/-/media/assets/internet/documents/conversation-analysis-services-datasheet-en.pdf,Conversation analysis services by ALE / Unsaid,datasheet
https://www.al-enterprise.com/en/services/industry-services,https://www.al-enterprise.com/-/media/assets/internet/documents/customisation-services-value-proposition-solutionsheet-en.pdf,Customisation Services value proposition,solution-sheet
https://www.al-enterprise.com/en/services/industry-services,https://www.al-enterprise.com/-/media/assets/internet/documents/digital-appointments-by-ale-solution-sheet-en.pdf,Digital Appointments by Alcatel-Lucent Enterprise,solution-sheet
https://www.al-enterprise.com/en/services/professional-services,https://www.al-enterprise.com/-/media/assets/internet/documents/ale-network-security-assessment-services-solution-sheet-en.pdf,Alcatel-Lucent Enterprise Security Assessment Services,solution-sheet
https://www.al-enterprise.com/en/services/professional-services,https://www.al-enterprise.com/-/media/assets/internet/documents/omniaccess-stellar-wlan-specific-deployment-assistance-datasheet-en.pdf,Alcatel-Lucent OmniAccess Stellar WLAN Specific Deployment Assistance,datasheet
https://www.al-enterprise.com/en/services/professional-services,https://www.al-enterprise.com/-/media/assets/internet/documents/professional-services-value-proposition-solutionsheet-en.pdf,Professional Services Value Proposition,solution-sheet
https://www.al-enterprise.com/en/services/professional-services,https://www.al-enterprise.com/-/media/assets/internet/documents/datasheet-proactive-engineering-resource-paer.pdf,ProActive Engineering Resource service,datasheet
https://www.al-enterprise.com/en/services/professional-services,https://www.al-enterprise.com/-/media/assets/internet/documents/ale-omniaccess-stellar-asset-tracking-deployment-assistance-datasheet-en.pdf,Alcatel-Lucent OmniAccess Stellar Asset Tracking deployment,datasheet
https://www.al-enterprise.com/en/services/success-management,https://www.al-enterprise.com/-/media/assets/internet/documents/customer-success-management-solution-brief-en.pdf,Customer Success Management Solution Brief,solution-sheet
https://www.al-enterprise.com/en/services/support-services,https://www.al-enterprise.com/-/media/assets/internet/documents/ale-long-term-support-for-end-customers-for-network-products-datasheet-en.pdf,Alcatel-Lucent Enterprise Network Long-Term Support Software,datasheet
https://www.al-enterprise.com/en/services/support-services,https://www.al-enterprise.com/-/media/assets/internet/documents/ale-support-services-for-end-customers-for-network-products-datasheet-en.pdf,Support services for end customers for network products,datasheet
https://www.al-enterprise.com/en/services/support-services,https://www.al-enterprise.com/-/media/assets/internet/documents/ale-extended-support-software-for-end-customers-for-network-products-datasheet-en.pdf,Alcatel-Lucent Enterprise Network Extended Support Software,datasheet
https://www.al-enterprise.com/en/services/support-services,https://www.al-enterprise.com/-/media/assets/internet/documents/solution-premier-service-brochure-en.pdf,Solution Premier Service,brochure
https://www.al-enterprise.com/en/services/support-services,https://www.al-enterprise.com/-/media/assets/internet/documents/ale-diamond-support-service-datasheet-en.pdf,Alcatel-Lucent Enterprise Diamond Support Service,datasheet
https://www.al-enterprise.com/en/services/support-services,https://www.al-enterprise.com/-/media/assets/internet/documents/services-value-proposition-solutionsheet-en.pdf,Services value proposition,solution-sheet
https://www.al-enterprise.com/en/solutions/smb,https://www.al-enterprise.com/-/media/assets/internet/documents/oxo-connect-smb-datasheet-en.pdf,Alcatel-Lucent OXO Connect,datasheet
https://www.al-enterprise.com/en/solutions/smb,https://www.al-enterprise.com/-/media/assets/internet/documents/digital-age-network-smb-flyer-en.pdf,ALE Digital Age Network for SMBs Flyer,flyer
https://www.al-enterprise.com/en/solutions/smb,https://www.al-enterprise.com/-/media/assets/internet/documents/omnitouch-call-center-office-datasheet-en.pdf,OmniTouch Call Center Office,datasheet
https://www.al-enterprise.com/en/solutions/smb,https://www.al-enterprise.com/-/media/assets/internet/documents/8378-dect-ip-xbs-datasheet-en.pdf,8378 DECT IP-xBS,datasheet
https://www.al-enterprise.com/en/solutions/smb,https://www.al-enterprise.com/-/media/assets/internet/documents/business-phones-ecatalog-en.pdf,Business Phones eCatalog,ebook
https://www.al-enterprise.com/en/solutions/smb,https://www.al-enterprise.com/-/media/assets/internet/documents/phones-buyers-guide-en.pdf,Phone Buyers Guide,ebook
https://www.al-enterprise.com/en/solutions/smb,https://www.al-enterprise.com/-/media/assets/internet/documents/hospitality-for-smb-solution-sheet-en.pdf,Converged communications for small and medium hotels,solution-sheet
https://www.al-enterprise.com/en/solutions/smb,https://www.al-enterprise.com/-/media/assets/internet/documents/a-comprehensive-approach-to-the-iot-challenge-whitepaper-en.pdf,A comprehensive approach to the IoT challenge,whitepaper